problem_id,seed,experiment_type,iteration_0_completion_tokens,iteration_1_completion_tokens,iteration_2_completion_tokens,iteration_3_completion_tokens,iteration_4_completion_tokens
0,seed0,backtracking,,3078.0,3092.0,3896.0,3117.0
1,seed0,backtracking,,2175.0,2277.0,1952.0,2563.0
10,seed0,backtracking,,8192.0,6883.0,5892.0,8192.0
11,seed0,backtracking,,8192.0,6597.0,6509.0,8192.0
12,seed0,backtracking,,8192.0,8192.0,8192.0,8192.0
13,seed0,backtracking,,8192.0,4480.0,3907.0,3269.0
14,seed0,backtracking,,8192.0,8192.0,8192.0,8192.0
15,seed0,backtracking,,3021.0,2714.0,3632.0,2957.0
16,seed0,backtracking,,1931.0,1924.0,1511.0,1890.0
17,seed0,backtracking,,8192.0,8192.0,8192.0,8192.0
18,seed0,backtracking,,4215.0,3669.0,3109.0,2693.0
19,seed0,backtracking,,8192.0,8192.0,6675.0,4615.0
2,seed0,backtracking,,8192.0,8192.0,8192.0,8192.0
20,seed0,backtracking,,8192.0,8192.0,8192.0,8192.0
2024-I-1,seed0,backtracking,,2941.0,2592.0,2237.0,2451.0
2024-I-10,seed0,backtracking,,8192.0,8192.0,8192.0,8192.0
2024-I-11,seed0,backtracking,,8192.0,8192.0,8192.0,8192.0
2024-I-12,seed0,backtracking,,8192.0,8192.0,8192.0,8192.0
2024-I-13,seed0,backtracking,,4919.0,2602.0,2853.0,5070.0
2024-I-14,seed0,backtracking,,4229.0,3737.0,8192.0,8192.0
2024-I-15,seed0,backtracking,,5437.0,3682.0,5008.0,3175.0
2024-I-2,seed0,backtracking,,8192.0,6729.0,2324.0,5097.0
2024-I-3,seed0,backtracking,,2514.0,2438.0,2465.0,2155.0
2024-I-4,seed0,backtracking,,2547.0,1830.0,2238.0,1926.0
2024-I-5,seed0,backtracking,,8192.0,8192.0,8067.0,5763.0
2024-I-6,seed0,backtracking,,3253.0,2525.0,1719.0,1812.0
2024-I-7,seed0,backtracking,,3123.0,2641.0,5396.0,2347.0
2024-I-8,seed0,backtracking,,8192.0,8192.0,8192.0,8192.0
2024-I-9,seed0,backtracking,,8192.0,4413.0,4371.0,2849.0
2024-II-1,seed0,backtracking,,3457.0,2957.0,2531.0,4589.0
2024-II-10,seed0,backtracking,,8192.0,4829.0,5703.0,5135.0
2024-II-11,seed0,backtracking,,8192.0,5505.0,4199.0,4058.0
2024-II-12,seed0,backtracking,,7039.0,3371.0,2735.0,5178.0
2024-II-13,seed0,backtracking,,8192.0,3918.0,3889.0,3582.0
2024-II-14,seed0,backtracking,,8192.0,8192.0,8192.0,6039.0
2024-II-15,seed0,backtracking,,8192.0,8192.0,8192.0,8192.0
2024-II-2,seed0,backtracking,,5651.0,5380.0,4131.0,3561.0
2024-II-3,seed0,backtracking,,3791.0,4558.0,4701.0,1994.0
2024-II-4,seed0,backtracking,,2910.0,3396.0,3480.0,2534.0
2024-II-5,seed0,backtracking,,5042.0,4734.0,3270.0,4305.0
2024-II-6,seed0,backtracking,,3000.0,2464.0,2278.0,2446.0
2024-II-7,seed0,backtracking,,8192.0,8192.0,4890.0,3856.0
2024-II-8,seed0,backtracking,,8192.0,8192.0,8192.0,4736.0
2024-II-9,seed0,backtracking,,8192.0,8192.0,8192.0,8192.0
21,seed0,backtracking,,5731.0,8192.0,4488.0,5456.0
22,seed0,backtracking,,8192.0,6265.0,5591.0,3622.0
23,seed0,backtracking,,8192.0,6008.0,3688.0,5125.0
24,seed0,backtracking,,8192.0,8192.0,8192.0,8192.0
25,seed0,backtracking,,8192.0,8192.0,8192.0,8192.0
26,seed0,backtracking,,8192.0,5966.0,7670.0,6770.0
27,seed0,backtracking,,8192.0,8192.0,8192.0,6441.0
28,seed0,backtracking,,8192.0,6812.0,5882.0,4251.0
29,seed0,backtracking,,8192.0,8192.0,8192.0,8192.0
3,seed0,backtracking,,3109.0,3019.0,2834.0,2691.0
4,seed0,backtracking,,8192.0,8192.0,8192.0,3028.0
5,seed0,backtracking,,8192.0,8192.0,7910.0,8192.0
6,seed0,backtracking,,5016.0,5748.0,8192.0,4201.0
7,seed0,backtracking,,8192.0,8192.0,8192.0,8192.0
8,seed0,backtracking,,6279.0,5217.0,3082.0,4044.0
9,seed0,backtracking,,8192.0,8192.0,8192.0,8192.0
0,seed0,base_sum,4685.0,3064.0,2925.0,2786.0,3534.0
1,seed0,base_sum,2916.0,3683.0,2112.0,2254.0,2113.0
10,seed0,base_sum,8192.0,8192.0,8192.0,3645.0,3627.0
11,seed0,base_sum,8192.0,8192.0,8192.0,8192.0,4844.0
12,seed0,base_sum,8192.0,8192.0,6789.0,5068.0,8192.0
13,seed0,base_sum,8192.0,7918.0,8192.0,6633.0,8033.0
14,seed0,base_sum,8192.0,8192.0,6563.0,7982.0,7436.0
15,seed0,base_sum,4024.0,3649.0,3199.0,3644.0,3265.0
16,seed0,base_sum,2103.0,1694.0,2064.0,1733.0,1823.0
17,seed0,base_sum,8192.0,8192.0,8192.0,8192.0,8192.0
18,seed0,base_sum,3822.0,8192.0,8192.0,4214.0,2713.0
19,seed0,base_sum,8192.0,8192.0,8192.0,8192.0,8192.0
2,seed0,base_sum,8192.0,8192.0,8192.0,8192.0,5402.0
20,seed0,base_sum,8192.0,8192.0,6982.0,5158.0,8192.0
2024-I-1,seed0,base_sum,3785.0,3082.0,3830.0,1905.0,2731.0
2024-I-10,seed0,base_sum,8192.0,8192.0,8192.0,8192.0,8192.0
2024-I-11,seed0,base_sum,8192.0,6878.0,5722.0,8192.0,8192.0
2024-I-12,seed0,base_sum,8192.0,8192.0,8192.0,8192.0,8192.0
2024-I-13,seed0,base_sum,8192.0,3925.0,7463.0,3471.0,5238.0
2024-I-14,seed0,base_sum,8192.0,6621.0,4469.0,3753.0,8192.0
2024-I-15,seed0,base_sum,6745.0,3974.0,3309.0,5771.0,4713.0
2024-I-2,seed0,base_sum,8192.0,5145.0,4575.0,6484.0,5148.0
2024-I-3,seed0,base_sum,5380.0,3075.0,2817.0,2348.0,2746.0
2024-I-4,seed0,base_sum,2818.0,2094.0,1719.0,1580.0,1757.0
2024-I-5,seed0,base_sum,8192.0,8192.0,8192.0,8192.0,4225.0
2024-I-6,seed0,base_sum,2630.0,4930.0,4770.0,3887.0,2945.0
2024-I-7,seed0,base_sum,5998.0,3690.0,3665.0,4497.0,3319.0
2024-I-8,seed0,base_sum,8192.0,8192.0,8192.0,8192.0,8192.0
2024-I-9,seed0,base_sum,8192.0,8192.0,7016.0,3048.0,8192.0
2024-II-1,seed0,base_sum,4018.0,3602.0,3215.0,4259.0,3789.0
2024-II-10,seed0,base_sum,8192.0,6025.0,8192.0,7304.0,5064.0
2024-II-11,seed0,base_sum,8192.0,6074.0,7764.0,4892.0,5045.0
2024-II-12,seed0,base_sum,7894.0,4735.0,4631.0,3126.0,1614.0
2024-II-13,seed0,base_sum,6317.0,3519.0,2645.0,4063.0,3457.0
2024-II-14,seed0,base_sum,8192.0,8192.0,8192.0,5014.0,7327.0
2024-II-15,seed0,base_sum,8192.0,8192.0,8192.0,8192.0,8192.0
2024-II-2,seed0,base_sum,8192.0,5934.0,4989.0,4136.0,4491.0
2024-II-3,seed0,base_sum,8192.0,3455.0,4386.0,4344.0,4334.0
2024-II-4,seed0,base_sum,3631.0,3240.0,2516.0,4418.0,3171.0
2024-II-5,seed0,base_sum,8192.0,6170.0,8192.0,6632.0,8192.0
2024-II-6,seed0,base_sum,3068.0,1945.0,3695.0,2847.0,3111.0
2024-II-7,seed0,base_sum,8192.0,8192.0,5745.0,8113.0,6999.0
2024-II-8,seed0,base_sum,8192.0,8192.0,8192.0,8192.0,8192.0
2024-II-9,seed0,base_sum,8192.0,8192.0,7252.0,4192.0,6558.0
21,seed0,base_sum,7030.0,8192.0,4277.0,6319.0,8192.0
22,seed0,base_sum,8192.0,7668.0,6869.0,3521.0,2870.0
23,seed0,base_sum,6968.0,4371.0,3199.0,4389.0,4617.0
24,seed0,base_sum,8192.0,8192.0,8192.0,8192.0,8192.0
25,seed0,base_sum,8192.0,8192.0,8192.0,8192.0,8192.0
26,seed0,base_sum,8192.0,8192.0,6222.0,8192.0,5283.0
27,seed0,base_sum,8192.0,8192.0,8192.0,8192.0,8192.0
28,seed0,base_sum,8192.0,8192.0,5406.0,8192.0,4235.0
29,seed0,base_sum,8192.0,8192.0,8192.0,8192.0,8192.0
3,seed0,base_sum,4472.0,3325.0,3667.0,2970.0,3000.0
4,seed0,base_sum,8192.0,8192.0,8192.0,8192.0,8192.0
5,seed0,base_sum,8192.0,8192.0,8192.0,8192.0,8192.0
6,seed0,base_sum,6401.0,8192.0,8112.0,8192.0,8192.0
7,seed0,base_sum,8192.0,8192.0,8192.0,8192.0,6166.0
8,seed0,base_sum,7391.0,5629.0,3878.0,2249.0,2900.0
9,seed0,base_sum,8192.0,8192.0,8192.0,8192.0,8192.0
0,seed0,firstk,,3903.0,3357.0,3185.0,2581.0
1,seed0,firstk,,3192.0,2239.0,2673.0,2744.0
10,seed0,firstk,,8192.0,6243.0,8192.0,8192.0
11,seed0,firstk,,8192.0,6502.0,8192.0,8192.0
12,seed0,firstk,,8192.0,8192.0,8192.0,8192.0
13,seed0,firstk,,8192.0,8192.0,7686.0,8192.0
14,seed0,firstk,,8192.0,8192.0,8192.0,8192.0
15,seed0,firstk,,3765.0,2777.0,8192.0,2789.0
16,seed0,firstk,,2420.0,1751.0,2089.0,3047.0
17,seed0,firstk,,8192.0,8192.0,8192.0,8192.0
18,seed0,firstk,,3165.0,4040.0,2375.0,2895.0
19,seed0,firstk,,8192.0,8192.0,8192.0,8192.0
2,seed0,firstk,,8192.0,8192.0,8192.0,8192.0
20,seed0,firstk,,8192.0,8192.0,8192.0,8192.0
2024-I-1,seed0,firstk,,4042.0,1607.0,2893.0,3281.0
2024-I-10,seed0,firstk,,8192.0,8192.0,5516.0,8192.0
2024-I-11,seed0,firstk,,8192.0,8192.0,8192.0,8192.0
2024-I-12,seed0,firstk,,6753.0,7141.0,8192.0,7173.0
2024-I-13,seed0,firstk,,6548.0,6108.0,8192.0,7764.0
2024-I-14,seed0,firstk,,5523.0,7511.0,8192.0,8192.0
2024-I-15,seed0,firstk,,8192.0,8192.0,8192.0,6858.0
2024-I-2,seed0,firstk,,7509.0,1238.0,1551.0,5872.0
2024-I-3,seed0,firstk,,4035.0,3116.0,3672.0,2805.0
2024-I-4,seed0,firstk,,2208.0,2132.0,1974.0,3161.0
2024-I-5,seed0,firstk,,8192.0,8192.0,8192.0,8192.0
2024-I-6,seed0,firstk,,8192.0,2241.0,1810.0,2741.0
2024-I-7,seed0,firstk,,4273.0,3698.0,3399.0,3178.0
2024-I-8,seed0,firstk,,8192.0,8192.0,8192.0,8192.0
2024-I-9,seed0,firstk,,8192.0,6235.0,8192.0,5889.0
2024-II-1,seed0,firstk,,2165.0,4854.0,5444.0,4927.0
2024-II-10,seed0,firstk,,6872.0,8192.0,5467.0,7538.0
2024-II-11,seed0,firstk,,5108.0,8192.0,8192.0,8192.0
2024-II-12,seed0,firstk,,8192.0,8192.0,5504.0,4270.0
2024-II-13,seed0,firstk,,4812.0,4324.0,5331.0,5270.0
2024-II-14,seed0,firstk,,8192.0,8192.0,8192.0,8192.0
2024-II-15,seed0,firstk,,8192.0,8192.0,8192.0,8192.0
2024-II-2,seed0,firstk,,3798.0,8192.0,4183.0,8192.0
2024-II-3,seed0,firstk,,8192.0,4205.0,3262.0,4318.0
2024-II-4,seed0,firstk,,3018.0,3434.0,3560.0,3127.0
2024-II-5,seed0,firstk,,8192.0,8192.0,7217.0,2147.0
2024-II-6,seed0,firstk,,3296.0,3649.0,4062.0,8192.0
2024-II-7,seed0,firstk,,8192.0,7062.0,8192.0,5548.0
2024-II-8,seed0,firstk,,8192.0,8192.0,8192.0,8192.0
2024-II-9,seed0,firstk,,8192.0,8192.0,3897.0,8192.0
21,seed0,firstk,,6115.0,6871.0,6319.0,6519.0
22,seed0,firstk,,8192.0,7611.0,8192.0,8192.0
23,seed0,firstk,,8192.0,4240.0,6148.0,5069.0
24,seed0,firstk,,8192.0,5250.0,8192.0,8192.0
25,seed0,firstk,,8192.0,8192.0,8192.0,8192.0
26,seed0,firstk,,5969.0,8192.0,8192.0,8192.0
27,seed0,firstk,,8192.0,8192.0,8192.0,8192.0
28,seed0,firstk,,8192.0,8192.0,8192.0,8192.0
29,seed0,firstk,,8192.0,8192.0,8192.0,8192.0
3,seed0,firstk,,3443.0,3091.0,3968.0,3224.0
4,seed0,firstk,,8192.0,8192.0,8192.0,8192.0
5,seed0,firstk,,8046.0,5543.0,8192.0,8192.0
6,seed0,firstk,,8192.0,8192.0,8192.0,8192.0
7,seed0,firstk,,8192.0,8192.0,8192.0,8192.0
8,seed0,firstk,,7536.0,5810.0,5835.0,4099.0
9,seed0,firstk,,8192.0,8192.0,5199.0,8192.0
0,seed0,lastk,,3054.0,2940.0,2855.0,2660.0
1,seed0,lastk,,2248.0,2863.0,1726.0,2074.0
10,seed0,lastk,,8192.0,6581.0,3471.0,2314.0
11,seed0,lastk,,8192.0,6754.0,5625.0,5709.0
12,seed0,lastk,,8192.0,7041.0,8192.0,8192.0
13,seed0,lastk,,8192.0,6188.0,3622.0,6352.0
14,seed0,lastk,,8192.0,8192.0,6198.0,1460.0
15,seed0,lastk,,2800.0,3202.0,3156.0,2504.0
16,seed0,lastk,,1925.0,2271.0,1699.0,1380.0
17,seed0,lastk,,8192.0,8192.0,8192.0,6731.0
18,seed0,lastk,,6869.0,3025.0,2156.0,2264.0
19,seed0,lastk,,8192.0,8192.0,8192.0,8192.0
2,seed0,lastk,,6350.0,6617.0,8192.0,7994.0
20,seed0,lastk,,8192.0,8192.0,8192.0,8192.0
2024-I-1,seed0,lastk,,2959.0,2125.0,2831.0,2796.0
2024-I-10,seed0,lastk,,8192.0,4943.0,8192.0,8192.0
2024-I-11,seed0,lastk,,8192.0,8192.0,8192.0,8192.0
2024-I-12,seed0,lastk,,8192.0,5615.0,4455.0,2279.0
2024-I-13,seed0,lastk,,6446.0,4178.0,3342.0,5753.0
2024-I-14,seed0,lastk,,8192.0,6143.0,6291.0,7287.0
2024-I-15,seed0,lastk,,6836.0,5850.0,8185.0,4008.0
2024-I-2,seed0,lastk,,4353.0,1901.0,1898.0,2155.0
2024-I-3,seed0,lastk,,2297.0,2345.0,2272.0,2045.0
2024-I-4,seed0,lastk,,2109.0,1442.0,1737.0,1248.0
2024-I-5,seed0,lastk,,8192.0,8192.0,3214.0,4288.0
2024-I-6,seed0,lastk,,2372.0,1076.0,1664.0,1496.0
2024-I-7,seed0,lastk,,2452.0,2848.0,3171.0,2673.0
2024-I-8,seed0,lastk,,8192.0,8192.0,8192.0,5372.0
2024-I-9,seed0,lastk,,2213.0,8192.0,8192.0,4451.0
2024-II-1,seed0,lastk,,4318.0,3579.0,5480.0,8192.0
2024-II-10,seed0,lastk,,8192.0,2958.0,3211.0,2929.0
2024-II-11,seed0,lastk,,8146.0,8192.0,6069.0,5360.0
2024-II-12,seed0,lastk,,3104.0,4739.0,3437.0,3996.0
2024-II-13,seed0,lastk,,3188.0,3066.0,4217.0,4104.0
2024-II-14,seed0,lastk,,5963.0,8192.0,5419.0,1811.0
2024-II-15,seed0,lastk,,8192.0,8192.0,8192.0,6051.0
2024-II-2,seed0,lastk,,4875.0,3429.0,3254.0,1130.0
2024-II-3,seed0,lastk,,3325.0,8192.0,2747.0,2127.0
2024-II-4,seed0,lastk,,2968.0,2966.0,2813.0,3720.0
2024-II-5,seed0,lastk,,8192.0,2981.0,2118.0,981.0
2024-II-6,seed0,lastk,,3915.0,2100.0,1899.0,1898.0
2024-II-7,seed0,lastk,,6423.0,3974.0,7582.0,6312.0
2024-II-8,seed0,lastk,,8192.0,8192.0,8192.0,8192.0
2024-II-9,seed0,lastk,,8192.0,8192.0,8034.0,7882.0
21,seed0,lastk,,4643.0,4273.0,5907.0,3075.0
22,seed0,lastk,,8192.0,7447.0,2870.0,3776.0
23,seed0,lastk,,7423.0,8192.0,3811.0,4345.0
24,seed0,lastk,,8192.0,8192.0,8192.0,8008.0
25,seed0,lastk,,6871.0,7341.0,3903.0,1745.0
26,seed0,lastk,,7366.0,8192.0,8192.0,8192.0
27,seed0,lastk,,8192.0,8192.0,8192.0,8192.0
28,seed0,lastk,,8192.0,8192.0,8192.0,5318.0
29,seed0,lastk,,8192.0,8192.0,8192.0,8157.0
3,seed0,lastk,,2537.0,3649.0,3252.0,3087.0
4,seed0,lastk,,8192.0,8192.0,6754.0,8192.0
5,seed0,lastk,,8192.0,8192.0,8192.0,7942.0
6,seed0,lastk,,4689.0,8192.0,3682.0,4567.0
7,seed0,lastk,,8192.0,8192.0,7187.0,4031.0
8,seed0,lastk,,5298.0,4417.0,2819.0,2475.0
9,seed0,lastk,,8192.0,8192.0,6833.0,6119.0
0,seed0,postThink,,5329.0,3270.0,3071.0,3195.0
1,seed0,postThink,,2186.0,4275.0,2313.0,1908.0
10,seed0,postThink,,8192.0,8192.0,8192.0,8192.0
11,seed0,postThink,,7629.0,8192.0,6254.0,8192.0
12,seed0,postThink,,8192.0,8192.0,8192.0,8192.0
13,seed0,postThink,,6325.0,5854.0,6468.0,6329.0
14,seed0,postThink,,8192.0,8192.0,8192.0,8192.0
15,seed0,postThink,,2866.0,2971.0,3292.0,3351.0
16,seed0,postThink,,1695.0,2218.0,2478.0,1756.0
17,seed0,postThink,,8192.0,8192.0,8192.0,8192.0
18,seed0,postThink,,8192.0,2933.0,2763.0,3224.0
19,seed0,postThink,,8192.0,8192.0,5415.0,7598.0
2,seed0,postThink,,8192.0,8192.0,8192.0,8192.0
20,seed0,postThink,,8192.0,8192.0,8192.0,8146.0
2024-I-1,seed0,postThink,,3655.0,2728.0,2715.0,2555.0
2024-I-10,seed0,postThink,,8192.0,8192.0,8192.0,8192.0
2024-I-11,seed0,postThink,,8192.0,8192.0,8192.0,8192.0
2024-I-12,seed0,postThink,,8192.0,8192.0,8192.0,8192.0
2024-I-13,seed0,postThink,,7363.0,3861.0,7059.0,3524.0
2024-I-14,seed0,postThink,,8133.0,4792.0,2939.0,3786.0
2024-I-15,seed0,postThink,,2808.0,4148.0,3897.0,4864.0
2024-I-2,seed0,postThink,,4378.0,5597.0,3631.0,2650.0
2024-I-3,seed0,postThink,,3577.0,2662.0,2479.0,2820.0
2024-I-4,seed0,postThink,,2579.0,2516.0,1636.0,1990.0
2024-I-5,seed0,postThink,,6898.0,5797.0,4670.0,3913.0
2024-I-6,seed0,postThink,,5007.0,2803.0,2347.0,2341.0
2024-I-7,seed0,postThink,,3399.0,3364.0,5512.0,4022.0
2024-I-8,seed0,postThink,,8192.0,8192.0,8192.0,8192.0
2024-I-9,seed0,postThink,,7736.0,8192.0,5974.0,4829.0
2024-II-1,seed0,postThink,,3764.0,3579.0,5826.0,4522.0
2024-II-10,seed0,postThink,,4071.0,3012.0,2409.0,2388.0
2024-II-11,seed0,postThink,,8192.0,8192.0,8192.0,5362.0
2024-II-12,seed0,postThink,,6250.0,4242.0,2935.0,1995.0
2024-II-13,seed0,postThink,,2986.0,3969.0,6604.0,3544.0
2024-II-14,seed0,postThink,,8192.0,8192.0,4619.0,3559.0
2024-II-15,seed0,postThink,,8192.0,8192.0,8192.0,8192.0
2024-II-2,seed0,postThink,,4296.0,6569.0,5483.0,5256.0
2024-II-3,seed0,postThink,,5680.0,3551.0,2448.0,3028.0
2024-II-4,seed0,postThink,,5062.0,3232.0,2898.0,2634.0
2024-II-5,seed0,postThink,,5121.0,7409.0,5310.0,1441.0
2024-II-6,seed0,postThink,,3381.0,2742.0,2242.0,3353.0
2024-II-7,seed0,postThink,,8192.0,4239.0,8192.0,5131.0
2024-II-8,seed0,postThink,,8192.0,8192.0,8192.0,6169.0
2024-II-9,seed0,postThink,,8192.0,8192.0,8192.0,6147.0
21,seed0,postThink,,6598.0,7007.0,4785.0,3446.0
22,seed0,postThink,,6684.0,6968.0,4217.0,8192.0
23,seed0,postThink,,6321.0,4517.0,6560.0,3760.0
24,seed0,postThink,,8192.0,8192.0,8192.0,8192.0
25,seed0,postThink,,8192.0,8192.0,8192.0,8192.0
26,seed0,postThink,,8192.0,8192.0,4680.0,8192.0
27,seed0,postThink,,8192.0,8192.0,8192.0,8192.0
28,seed0,postThink,,8192.0,8192.0,8192.0,8192.0
29,seed0,postThink,,8192.0,8192.0,8192.0,8192.0
3,seed0,postThink,,3353.0,2805.0,2032.0,2626.0
4,seed0,postThink,,8192.0,8192.0,8192.0,8192.0
5,seed0,postThink,,8192.0,8192.0,8192.0,8192.0
6,seed0,postThink,,5957.0,7253.0,4218.0,1921.0
7,seed0,postThink,,8192.0,8192.0,8192.0,8192.0
8,seed0,postThink,,6136.0,4888.0,4962.0,4214.0
9,seed0,postThink,,8192.0,8192.0,6267.0,8192.0
0,seed0,wait,,,,,
1,seed0,wait,,,,,
2,seed0,wait,,,,,
3,seed0,wait,,,,,
4,seed0,wait,,,,,
5,seed0,wait,,,,,
6,seed0,wait,,,,,
7,seed0,wait,,,,,
8,seed0,wait,,,,,
9,seed0,wait,,,,,
10,seed0,wait,,,,,
11,seed0,wait,,,,,
12,seed0,wait,,,,,
13,seed0,wait,,,,,
14,seed0,wait,,,,,
15,seed0,wait,,,,,
16,seed0,wait,,,,,
17,seed0,wait,,,,,
18,seed0,wait,,,,,
19,seed0,wait,,,,,
20,seed0,wait,,,,,
21,seed0,wait,,,,,
22,seed0,wait,,,,,
23,seed0,wait,,,,,
24,seed0,wait,,,,,
25,seed0,wait,,,,,
26,seed0,wait,,,,,
27,seed0,wait,,,,,
28,seed0,wait,,,,,
29,seed0,wait,,,,,
2024-I-3,seed0,wait,,,,,
2024-II-12,seed0,wait,,,,,
2024-I-12,seed0,wait,,,,,
2024-II-4,seed0,wait,,,,,
2024-I-11,seed0,wait,,,,,
2024-I-4,seed0,wait,,,,,
2024-II-3,seed0,wait,,,,,
2024-I-2,seed0,wait,,,,,
2024-II-11,seed0,wait,,,,,
2024-II-6,seed0,wait,,,,,
2024-I-1,seed0,wait,,,,,
2024-I-7,seed0,wait,,,,,
2024-I-6,seed0,wait,,,,,
2024-I-13,seed0,wait,,,,,
2024-II-7,seed0,wait,,,,,
2024-I-15,seed0,wait,,,,,
2024-II-10,seed0,wait,,,,,
2024-II-15,seed0,wait,,,,,
2024-II-14,seed0,wait,,,,,
2024-I-8,seed0,wait,,,,,
2024-II-1,seed0,wait,,,,,
2024-II-2,seed0,wait,,,,,
2024-I-9,seed0,wait,,,,,
2024-II-5,seed0,wait,,,,,
2024-I-14,seed0,wait,,,,,
2024-I-5,seed0,wait,,,,,
2024-II-13,seed0,wait,,,,,
2024-I-10,seed0,wait,,,,,
2024-II-8,seed0,wait,,,,,
2024-II-9,seed0,wait,,,,,
0,seed0,answer_only,,4052.0,2957.0,4075.0,3291.0
1,seed0,answer_only,,5223.0,2601.0,2305.0,3180.0
10,seed0,answer_only,,8192.0,8192.0,8192.0,8192.0
11,seed0,answer_only,,8192.0,8192.0,8192.0,8192.0
12,seed0,answer_only,,8192.0,8192.0,8192.0,8192.0
13,seed0,answer_only,,8192.0,8192.0,8192.0,8192.0
14,seed0,answer_only,,8192.0,8192.0,8192.0,8192.0
15,seed0,answer_only,,2221.0,3086.0,3384.0,3402.0
16,seed0,answer_only,,2648.0,2503.0,3076.0,2559.0
17,seed0,answer_only,,8192.0,8192.0,8192.0,8192.0
18,seed0,answer_only,,3778.0,4481.0,3424.0,3455.0
19,seed0,answer_only,,8192.0,8192.0,8192.0,8192.0
2,seed0,answer_only,,8192.0,8192.0,8192.0,8192.0
20,seed0,answer_only,,8192.0,8192.0,8192.0,8192.0
2024-I-1,seed0,answer_only,,3658.0,2428.0,2768.0,3145.0
2024-I-10,seed0,answer_only,,8192.0,8192.0,8192.0,8192.0
2024-I-11,seed0,answer_only,,8192.0,8192.0,8192.0,8192.0
2024-I-12,seed0,answer_only,,7790.0,8192.0,8192.0,8192.0
2024-I-13,seed0,answer_only,,8019.0,8192.0,8192.0,7885.0
2024-I-14,seed0,answer_only,,5032.0,5026.0,5403.0,8192.0
2024-I-15,seed0,answer_only,,4513.0,8192.0,8192.0,8192.0
2024-I-2,seed0,answer_only,,7652.0,2017.0,1937.0,7436.0
2024-I-3,seed0,answer_only,,5215.0,4461.0,3905.0,2899.0
2024-I-4,seed0,answer_only,,2927.0,2014.0,3358.0,2743.0
2024-I-5,seed0,answer_only,,6090.0,8192.0,8192.0,8192.0
2024-I-6,seed0,answer_only,,3054.0,3122.0,3447.0,4589.0
2024-I-7,seed0,answer_only,,3094.0,2999.0,4077.0,3264.0
2024-I-8,seed0,answer_only,,8192.0,8192.0,8192.0,8192.0
2024-I-9,seed0,answer_only,,8192.0,7172.0,5903.0,8192.0
2024-II-1,seed0,answer_only,,8192.0,8192.0,4186.0,8192.0
2024-II-10,seed0,answer_only,,8192.0,5985.0,8192.0,4801.0
2024-II-11,seed0,answer_only,,8192.0,8192.0,8192.0,8192.0
2024-II-12,seed0,answer_only,,8192.0,4486.0,6590.0,4924.0
2024-II-13,seed0,answer_only,,4937.0,4545.0,4446.0,4188.0
2024-II-14,seed0,answer_only,,8192.0,8192.0,8192.0,8192.0
2024-II-15,seed0,answer_only,,8192.0,8192.0,8192.0,8192.0
2024-II-2,seed0,answer_only,,3572.0,8192.0,8192.0,6186.0
2024-II-3,seed0,answer_only,,8192.0,8192.0,5870.0,8192.0
2024-II-4,seed0,answer_only,,3487.0,3318.0,3965.0,3630.0
2024-II-5,seed0,answer_only,,6981.0,8192.0,7143.0,8053.0
2024-II-6,seed0,answer_only,,2702.0,3159.0,4645.0,3318.0
2024-II-7,seed0,answer_only,,8192.0,8192.0,8192.0,7404.0
2024-II-8,seed0,answer_only,,8192.0,8192.0,8192.0,8192.0
2024-II-9,seed0,answer_only,,8192.0,8192.0,7017.0,8086.0
21,seed0,answer_only,,8192.0,8192.0,8192.0,8192.0
22,seed0,answer_only,,8192.0,8192.0,8192.0,8192.0
23,seed0,answer_only,,6433.0,8192.0,6673.0,5531.0
24,seed0,answer_only,,8192.0,8192.0,8192.0,8192.0
25,seed0,answer_only,,8192.0,7944.0,8192.0,8192.0
26,seed0,answer_only,,8192.0,5727.0,8192.0,7476.0
27,seed0,answer_only,,8192.0,8192.0,8192.0,8192.0
28,seed0,answer_only,,8192.0,5436.0,8192.0,8192.0
29,seed0,answer_only,,8192.0,8192.0,8192.0,8192.0
3,seed0,answer_only,,4747.0,7042.0,3170.0,3028.0
4,seed0,answer_only,,8192.0,8192.0,6284.0,8192.0
5,seed0,answer_only,,7998.0,8192.0,8192.0,5176.0
6,seed0,answer_only,,8192.0,8192.0,8192.0,8192.0
7,seed0,answer_only,,6225.0,8192.0,8192.0,8192.0
8,seed0,answer_only,,8192.0,8192.0,8192.0,8192.0
9,seed0,answer_only,,8192.0,8192.0,8192.0,8192.0
0,seed1,backtracking,3322.0,4259.0,4120.0,2589.0,2346.0
1,seed1,backtracking,2748.0,1783.0,2235.0,3635.0,2598.0
10,seed1,backtracking,6848.0,4441.0,8192.0,8192.0,4103.0
11,seed1,backtracking,8192.0,5414.0,4239.0,4654.0,4853.0
12,seed1,backtracking,8192.0,8192.0,8192.0,8192.0,8192.0
13,seed1,backtracking,8192.0,7965.0,8192.0,5028.0,3517.0
14,seed1,backtracking,8192.0,8192.0,8192.0,8192.0,8192.0
15,seed1,backtracking,4971.0,3034.0,3045.0,3431.0,3589.0
16,seed1,backtracking,3723.0,2572.0,2473.0,3043.0,2832.0
17,seed1,backtracking,8192.0,8192.0,6491.0,8192.0,8192.0
18,seed1,backtracking,4963.0,6097.0,3370.0,3374.0,3473.0
19,seed1,backtracking,8192.0,8192.0,8192.0,8192.0,8192.0
2,seed1,backtracking,8192.0,8192.0,8192.0,8192.0,8192.0
20,seed1,backtracking,6891.0,7179.0,8192.0,3335.0,4446.0
2024-I-1,seed1,backtracking,3893.0,3105.0,3044.0,1943.0,2550.0
2024-I-10,seed1,backtracking,8192.0,7738.0,8192.0,6901.0,8192.0
2024-I-11,seed1,backtracking,8192.0,8192.0,8192.0,8192.0,8192.0
2024-I-12,seed1,backtracking,8192.0,8192.0,8192.0,8192.0,8192.0
2024-I-13,seed1,backtracking,8192.0,7175.0,8192.0,3293.0,5608.0
2024-I-14,seed1,backtracking,8192.0,8192.0,8192.0,6675.0,5399.0
2024-I-15,seed1,backtracking,8192.0,8192.0,7769.0,4811.0,3435.0
2024-I-2,seed1,backtracking,5201.0,2525.0,3577.0,3226.0,2303.0
2024-I-3,seed1,backtracking,3917.0,2290.0,2307.0,2175.0,1714.0
2024-I-4,seed1,backtracking,2652.0,1972.0,1803.0,1500.0,1624.0
2024-I-5,seed1,backtracking,8192.0,8192.0,6981.0,7295.0,2859.0
2024-I-6,seed1,backtracking,4667.0,1373.0,1036.0,6489.0,1939.0
2024-I-7,seed1,backtracking,5572.0,3172.0,2790.0,2686.0,3287.0
2024-I-8,seed1,backtracking,8192.0,8192.0,8192.0,6818.0,8192.0
2024-I-9,seed1,backtracking,8192.0,4666.0,3549.0,4871.0,6504.0
2024-II-1,seed1,backtracking,3595.0,2080.0,2220.0,2139.0,1166.0
2024-II-10,seed1,backtracking,6682.0,8192.0,7421.0,4775.0,4623.0
2024-II-11,seed1,backtracking,8192.0,8192.0,8192.0,8192.0,8192.0
2024-II-12,seed1,backtracking,5192.0,2206.0,2511.0,2846.0,2076.0
2024-II-13,seed1,backtracking,5288.0,5233.0,4859.0,3784.0,4519.0
2024-II-14,seed1,backtracking,8192.0,8192.0,8192.0,3750.0,5471.0
2024-II-15,seed1,backtracking,8192.0,8192.0,8192.0,8192.0,8192.0
2024-II-2,seed1,backtracking,8192.0,3136.0,1646.0,2852.0,3370.0
2024-II-3,seed1,backtracking,8192.0,8192.0,8192.0,8192.0,8192.0
2024-II-4,seed1,backtracking,3752.0,3695.0,2977.0,3255.0,2775.0
2024-II-5,seed1,backtracking,8192.0,5041.0,5972.0,5761.0,3348.0
2024-II-6,seed1,backtracking,8192.0,8192.0,8192.0,8192.0,8192.0
2024-II-7,seed1,backtracking,8192.0,7717.0,4442.0,7326.0,6966.0
2024-II-8,seed1,backtracking,8192.0,8192.0,8192.0,8192.0,8192.0
2024-II-9,seed1,backtracking,8192.0,6086.0,6001.0,5957.0,3019.0
21,seed1,backtracking,8192.0,5227.0,8192.0,3945.0,5427.0
22,seed1,backtracking,8192.0,8192.0,8192.0,8192.0,5569.0
23,seed1,backtracking,8192.0,3055.0,3323.0,7054.0,5774.0
24,seed1,backtracking,8192.0,5424.0,3264.0,3845.0,3733.0
25,seed1,backtracking,8192.0,8192.0,8192.0,3075.0,6469.0
26,seed1,backtracking,8192.0,6421.0,5110.0,6258.0,7967.0
27,seed1,backtracking,8192.0,8192.0,8192.0,8192.0,8192.0
28,seed1,backtracking,8192.0,4266.0,5992.0,4650.0,5662.0
29,seed1,backtracking,8192.0,8192.0,8192.0,8192.0,8192.0
3,seed1,backtracking,3791.0,4458.0,3714.0,3238.0,3224.0
4,seed1,backtracking,8192.0,8192.0,8192.0,8192.0,8192.0
5,seed1,backtracking,8192.0,8192.0,8192.0,8192.0,8192.0
6,seed1,backtracking,8192.0,5395.0,3972.0,4721.0,8192.0
7,seed1,backtracking,8192.0,8192.0,8192.0,8192.0,6132.0
8,seed1,backtracking,6557.0,4587.0,4753.0,4121.0,4450.0
9,seed1,backtracking,8192.0,7131.0,8192.0,8192.0,8192.0
0,seed1,base_sum,,3567.0,3180.0,2548.0,2754.0
1,seed1,base_sum,,3125.0,2182.0,2236.0,2620.0
10,seed1,base_sum,,8192.0,8192.0,8192.0,8192.0
11,seed1,base_sum,,5688.0,4648.0,8192.0,2560.0
12,seed1,base_sum,,4746.0,3865.0,3103.0,8192.0
13,seed1,base_sum,,8192.0,5440.0,5325.0,6927.0
14,seed1,base_sum,,8192.0,8192.0,8192.0,8192.0
15,seed1,base_sum,,4615.0,2932.0,3673.0,3352.0
16,seed1,base_sum,,2917.0,2405.0,2013.0,2123.0
17,seed1,base_sum,,8192.0,8192.0,8192.0,8192.0
18,seed1,base_sum,,2405.0,3978.0,3402.0,2957.0
19,seed1,base_sum,,8192.0,8192.0,8192.0,8192.0
2,seed1,base_sum,,8117.0,8192.0,8192.0,8192.0
20,seed1,base_sum,,8192.0,8192.0,8192.0,8192.0
2024-I-1,seed1,base_sum,,2895.0,2433.0,2223.0,2184.0
2024-I-10,seed1,base_sum,,8192.0,8192.0,8192.0,7942.0
2024-I-11,seed1,base_sum,,8192.0,8192.0,8192.0,8192.0
2024-I-12,seed1,base_sum,,8192.0,8192.0,8192.0,8192.0
2024-I-13,seed1,base_sum,,8015.0,8192.0,8192.0,5814.0
2024-I-14,seed1,base_sum,,8192.0,8192.0,8192.0,5564.0
2024-I-15,seed1,base_sum,,6489.0,5064.0,7596.0,7666.0
2024-I-2,seed1,base_sum,,7177.0,4520.0,3870.0,2179.0
2024-I-3,seed1,base_sum,,1797.0,1853.0,1968.0,1881.0
2024-I-4,seed1,base_sum,,1845.0,1545.0,1831.0,1948.0
2024-I-5,seed1,base_sum,,8192.0,8192.0,8192.0,8192.0
2024-I-6,seed1,base_sum,,3021.0,6015.0,2727.0,3078.0
2024-I-7,seed1,base_sum,,3440.0,3696.0,3399.0,3271.0
2024-I-8,seed1,base_sum,,8192.0,8192.0,8192.0,8192.0
2024-I-9,seed1,base_sum,,8192.0,2954.0,4106.0,3527.0
2024-II-1,seed1,base_sum,,2649.0,1888.0,1624.0,2551.0
2024-II-10,seed1,base_sum,,8192.0,5767.0,3828.0,8192.0
2024-II-11,seed1,base_sum,,8192.0,8192.0,6797.0,8192.0
2024-II-12,seed1,base_sum,,4024.0,2897.0,2372.0,1718.0
2024-II-13,seed1,base_sum,,5105.0,4108.0,3628.0,3529.0
2024-II-14,seed1,base_sum,,6995.0,8192.0,5796.0,3960.0
2024-II-15,seed1,base_sum,,8192.0,8192.0,8192.0,8192.0
2024-II-2,seed1,base_sum,,4906.0,5065.0,4746.0,3852.0
2024-II-3,seed1,base_sum,,8192.0,8192.0,8192.0,6112.0
2024-II-4,seed1,base_sum,,3760.0,3188.0,4387.0,3104.0
2024-II-5,seed1,base_sum,,8192.0,5464.0,7877.0,2265.0
2024-II-6,seed1,base_sum,,8192.0,8192.0,8192.0,8192.0
2024-II-7,seed1,base_sum,,8192.0,7554.0,8192.0,8192.0
2024-II-8,seed1,base_sum,,8192.0,8192.0,8192.0,8192.0
2024-II-9,seed1,base_sum,,8192.0,5589.0,5706.0,3934.0
21,seed1,base_sum,,8192.0,8090.0,5491.0,2896.0
22,seed1,base_sum,,8192.0,8192.0,6639.0,8192.0
23,seed1,base_sum,,8192.0,5296.0,3514.0,2949.0
24,seed1,base_sum,,4914.0,8192.0,8192.0,7425.0
25,seed1,base_sum,,6928.0,4935.0,8192.0,8192.0
26,seed1,base_sum,,7227.0,8192.0,4996.0,3206.0
27,seed1,base_sum,,8192.0,8192.0,8192.0,8192.0
28,seed1,base_sum,,8192.0,5762.0,8192.0,3987.0
29,seed1,base_sum,,8192.0,8192.0,8192.0,8192.0
3,seed1,base_sum,,3178.0,3658.0,3044.0,3100.0
4,seed1,base_sum,,8192.0,8192.0,8192.0,8192.0
5,seed1,base_sum,,8192.0,8192.0,8192.0,8192.0
6,seed1,base_sum,,4369.0,4018.0,5939.0,4040.0
7,seed1,base_sum,,8055.0,8192.0,8192.0,8192.0
8,seed1,base_sum,,4003.0,2055.0,4607.0,1950.0
9,seed1,base_sum,,4929.0,8192.0,4549.0,4021.0
0,seed1,firstk,,2292.0,1874.0,3940.0,2445.0
1,seed1,firstk,,2512.0,2194.0,4256.0,1754.0
10,seed1,firstk,,8192.0,8192.0,8192.0,8192.0
11,seed1,firstk,,8192.0,8192.0,8192.0,6797.0
12,seed1,firstk,,8192.0,8192.0,8192.0,8192.0
13,seed1,firstk,,8192.0,8192.0,8115.0,8192.0
14,seed1,firstk,,8192.0,8192.0,8192.0,8192.0
15,seed1,firstk,,3337.0,2617.0,2668.0,2722.0
16,seed1,firstk,,2423.0,1998.0,4681.0,2595.0
17,seed1,firstk,,8192.0,8192.0,8192.0,8192.0
18,seed1,firstk,,4088.0,3476.0,2871.0,2899.0
19,seed1,firstk,,8192.0,8192.0,8192.0,7947.0
2,seed1,firstk,,8192.0,8192.0,8192.0,8192.0
20,seed1,firstk,,8192.0,8192.0,8192.0,8192.0
2024-I-1,seed1,firstk,,3629.0,2811.0,3066.0,2687.0
2024-I-10,seed1,firstk,,8192.0,8192.0,8192.0,8192.0
2024-I-11,seed1,firstk,,8192.0,8192.0,8192.0,8192.0
2024-I-12,seed1,firstk,,8192.0,8192.0,8192.0,8192.0
2024-I-13,seed1,firstk,,8192.0,8192.0,8192.0,8192.0
2024-I-14,seed1,firstk,,6012.0,8192.0,8192.0,3710.0
2024-I-15,seed1,firstk,,8192.0,8192.0,8192.0,8192.0
2024-I-2,seed1,firstk,,4939.0,8192.0,5130.0,2828.0
2024-I-3,seed1,firstk,,3772.0,3368.0,3479.0,4055.0
2024-I-4,seed1,firstk,,2750.0,3094.0,2759.0,2723.0
2024-I-5,seed1,firstk,,8192.0,7349.0,8192.0,8192.0
2024-I-6,seed1,firstk,,4712.0,8042.0,1981.0,1343.0
2024-I-7,seed1,firstk,,6567.0,3272.0,2763.0,3098.0
2024-I-8,seed1,firstk,,8192.0,2658.0,8192.0,5383.0
2024-I-9,seed1,firstk,,8192.0,8192.0,3876.0,5463.0
2024-II-1,seed1,firstk,,7784.0,2289.0,5510.0,3385.0
2024-II-10,seed1,firstk,,6993.0,8192.0,6289.0,5937.0
2024-II-11,seed1,firstk,,8192.0,8192.0,8192.0,8192.0
2024-II-12,seed1,firstk,,6848.0,3937.0,6517.0,3113.0
2024-II-13,seed1,firstk,,3650.0,4445.0,3862.0,4545.0
2024-II-14,seed1,firstk,,8192.0,8192.0,8192.0,8192.0
2024-II-15,seed1,firstk,,8192.0,8192.0,8192.0,8192.0
2024-II-2,seed1,firstk,,8192.0,8192.0,7536.0,5435.0
2024-II-3,seed1,firstk,,5596.0,6851.0,8192.0,4227.0
2024-II-4,seed1,firstk,,1953.0,2291.0,2351.0,3412.0
2024-II-5,seed1,firstk,,8192.0,7207.0,8192.0,6164.0
2024-II-6,seed1,firstk,,8192.0,8192.0,8192.0,8192.0
2024-II-7,seed1,firstk,,8192.0,7698.0,8192.0,8192.0
2024-II-8,seed1,firstk,,8192.0,8192.0,8192.0,8192.0
2024-II-9,seed1,firstk,,8192.0,8192.0,8192.0,8192.0
21,seed1,firstk,,8192.0,6307.0,5637.0,8192.0
22,seed1,firstk,,8192.0,8192.0,8192.0,8192.0
23,seed1,firstk,,4091.0,4441.0,3501.0,5878.0
24,seed1,firstk,,8192.0,8192.0,8192.0,8192.0
25,seed1,firstk,,3680.0,8192.0,8192.0,8192.0
26,seed1,firstk,,8192.0,6636.0,7501.0,7590.0
27,seed1,firstk,,8192.0,8192.0,8192.0,5219.0
28,seed1,firstk,,8192.0,8192.0,8192.0,8192.0
29,seed1,firstk,,8192.0,8192.0,8192.0,8192.0
3,seed1,firstk,,3183.0,4013.0,2700.0,3233.0
4,seed1,firstk,,8192.0,8192.0,8192.0,8192.0
5,seed1,firstk,,8192.0,8192.0,4080.0,8192.0
6,seed1,firstk,,6715.0,8192.0,6729.0,8192.0
7,seed1,firstk,,8192.0,8192.0,8192.0,8192.0
8,seed1,firstk,,4488.0,5454.0,5411.0,3430.0
9,seed1,firstk,,8192.0,8192.0,8192.0,8192.0
0,seed1,lastk,,2690.0,2296.0,2113.0,2404.0
1,seed1,lastk,,2261.0,2654.0,2283.0,1828.0
10,seed1,lastk,,2917.0,7878.0,8192.0,8192.0
11,seed1,lastk,,6116.0,8192.0,4236.0,4648.0
12,seed1,lastk,,8192.0,8192.0,8192.0,8192.0
13,seed1,lastk,,7575.0,6750.0,2358.0,3951.0
14,seed1,lastk,,8192.0,8192.0,8192.0,8192.0
15,seed1,lastk,,4094.0,2911.0,3879.0,3974.0
16,seed1,lastk,,3267.0,1797.0,1442.0,1628.0
17,seed1,lastk,,8192.0,8192.0,8192.0,8192.0
18,seed1,lastk,,3401.0,4687.0,3923.0,3313.0
19,seed1,lastk,,8192.0,8192.0,8192.0,8192.0
2,seed1,lastk,,8192.0,8192.0,8192.0,3869.0
20,seed1,lastk,,8192.0,8192.0,8192.0,3502.0
2024-I-1,seed1,lastk,,2917.0,2968.0,2457.0,2449.0
2024-I-10,seed1,lastk,,7691.0,8192.0,8192.0,8192.0
2024-I-11,seed1,lastk,,8192.0,8192.0,8192.0,8192.0
2024-I-12,seed1,lastk,,8192.0,6816.0,8192.0,8192.0
2024-I-13,seed1,lastk,,6841.0,6187.0,3749.0,4796.0
2024-I-14,seed1,lastk,,8192.0,8192.0,4964.0,8192.0
2024-I-15,seed1,lastk,,3683.0,5937.0,3398.0,3017.0
2024-I-2,seed1,lastk,,6272.0,2513.0,2463.0,7336.0
2024-I-3,seed1,lastk,,3058.0,2857.0,2548.0,2090.0
2024-I-4,seed1,lastk,,1747.0,1829.0,1923.0,1823.0
2024-I-5,seed1,lastk,,8192.0,8192.0,8192.0,4822.0
2024-I-6,seed1,lastk,,2388.0,2908.0,2636.0,3680.0
2024-I-7,seed1,lastk,,3955.0,2811.0,1699.0,4412.0
2024-I-8,seed1,lastk,,8192.0,8192.0,8192.0,4242.0
2024-I-9,seed1,lastk,,8192.0,8192.0,8192.0,7027.0
2024-II-1,seed1,lastk,,2850.0,2228.0,1820.0,2379.0
2024-II-10,seed1,lastk,,8192.0,8192.0,4660.0,6678.0
2024-II-11,seed1,lastk,,5249.0,6684.0,4212.0,3414.0
2024-II-12,seed1,lastk,,2023.0,6106.0,2249.0,2650.0
2024-II-13,seed1,lastk,,7277.0,4540.0,6492.0,3782.0
2024-II-14,seed1,lastk,,8192.0,7488.0,5583.0,8192.0
2024-II-15,seed1,lastk,,8192.0,8192.0,8192.0,8192.0
2024-II-2,seed1,lastk,,5245.0,6481.0,6225.0,4324.0
2024-II-3,seed1,lastk,,8192.0,8192.0,8192.0,7629.0
2024-II-4,seed1,lastk,,5250.0,4658.0,4376.0,3158.0
2024-II-5,seed1,lastk,,3774.0,3728.0,8192.0,5758.0
2024-II-6,seed1,lastk,,5039.0,2120.0,1977.0,2665.0
2024-II-7,seed1,lastk,,8192.0,8192.0,7578.0,8192.0
2024-II-8,seed1,lastk,,8192.0,8192.0,8192.0,8192.0
2024-II-9,seed1,lastk,,8192.0,8192.0,8192.0,8192.0
21,seed1,lastk,,5054.0,4895.0,5588.0,2636.0
22,seed1,lastk,,8192.0,8192.0,6265.0,6950.0
23,seed1,lastk,,2894.0,6899.0,4285.0,8192.0
24,seed1,lastk,,8192.0,3904.0,8192.0,8192.0
25,seed1,lastk,,7172.0,6370.0,4396.0,4252.0
26,seed1,lastk,,6096.0,4635.0,6983.0,3813.0
27,seed1,lastk,,8192.0,8192.0,8192.0,8192.0
28,seed1,lastk,,5393.0,7292.0,3627.0,5598.0
29,seed1,lastk,,8192.0,8192.0,8192.0,8192.0
3,seed1,lastk,,2447.0,3026.0,3302.0,2424.0
4,seed1,lastk,,8192.0,8192.0,8192.0,8192.0
5,seed1,lastk,,8192.0,6854.0,8192.0,6906.0
6,seed1,lastk,,7386.0,3382.0,2820.0,8192.0
7,seed1,lastk,,8192.0,8192.0,8192.0,6327.0
8,seed1,lastk,,4467.0,2843.0,3204.0,4764.0
9,seed1,lastk,,7313.0,6535.0,4622.0,5181.0
0,seed1,postThink,,2690.0,2296.0,2113.0,2404.0
1,seed1,postThink,,2261.0,2654.0,2283.0,1828.0
10,seed1,postThink,,2917.0,7878.0,8192.0,8192.0
11,seed1,postThink,,6116.0,8192.0,4236.0,4648.0
12,seed1,postThink,,8192.0,8192.0,8192.0,8192.0
13,seed1,postThink,,7575.0,6750.0,2358.0,3951.0
14,seed1,postThink,,8192.0,8192.0,8192.0,8192.0
15,seed1,postThink,,4094.0,2911.0,3879.0,3974.0
16,seed1,postThink,,3267.0,1797.0,1442.0,1628.0
17,seed1,postThink,,8192.0,8192.0,8192.0,8192.0
18,seed1,postThink,,3401.0,4687.0,3923.0,3313.0
19,seed1,postThink,,8192.0,8192.0,8192.0,8192.0
2,seed1,postThink,,8192.0,8192.0,8192.0,3869.0
20,seed1,postThink,,8192.0,8192.0,8192.0,3502.0
2024-I-1,seed1,postThink,,2917.0,2968.0,2457.0,2449.0
2024-I-10,seed1,postThink,,7691.0,8192.0,8192.0,8192.0
2024-I-11,seed1,postThink,,8192.0,8192.0,8192.0,8192.0
2024-I-12,seed1,postThink,,8192.0,6816.0,8192.0,8192.0
2024-I-13,seed1,postThink,,6841.0,6187.0,3749.0,4796.0
2024-I-14,seed1,postThink,,8192.0,8192.0,4964.0,8192.0
2024-I-15,seed1,postThink,,3683.0,5937.0,3398.0,3017.0
2024-I-2,seed1,postThink,,6272.0,2513.0,2463.0,7336.0
2024-I-3,seed1,postThink,,3058.0,2857.0,2548.0,2090.0
2024-I-4,seed1,postThink,,1747.0,1829.0,1923.0,1823.0
2024-I-5,seed1,postThink,,8192.0,8192.0,8192.0,4822.0
2024-I-6,seed1,postThink,,2388.0,2908.0,2636.0,3680.0
2024-I-7,seed1,postThink,,3955.0,2811.0,1699.0,4412.0
2024-I-8,seed1,postThink,,8192.0,8192.0,8192.0,4242.0
2024-I-9,seed1,postThink,,8192.0,8192.0,8192.0,7027.0
2024-II-1,seed1,postThink,,2850.0,2228.0,1820.0,2379.0
2024-II-10,seed1,postThink,,8192.0,8192.0,4660.0,6678.0
2024-II-11,seed1,postThink,,5249.0,6684.0,4212.0,3414.0
2024-II-12,seed1,postThink,,2023.0,6106.0,2249.0,2650.0
2024-II-13,seed1,postThink,,7277.0,4540.0,6492.0,3782.0
2024-II-14,seed1,postThink,,8192.0,7488.0,5583.0,8192.0
2024-II-15,seed1,postThink,,8192.0,8192.0,8192.0,8192.0
2024-II-2,seed1,postThink,,5245.0,6481.0,6225.0,4324.0
2024-II-3,seed1,postThink,,8192.0,8192.0,8192.0,7629.0
2024-II-4,seed1,postThink,,5250.0,4658.0,4376.0,3158.0
2024-II-5,seed1,postThink,,3774.0,3728.0,8192.0,5758.0
2024-II-6,seed1,postThink,,5039.0,2120.0,1977.0,2665.0
2024-II-7,seed1,postThink,,8192.0,8192.0,7578.0,8192.0
2024-II-8,seed1,postThink,,8192.0,8192.0,8192.0,8192.0
2024-II-9,seed1,postThink,,8192.0,8192.0,8192.0,8192.0
21,seed1,postThink,,5054.0,4895.0,5588.0,2636.0
22,seed1,postThink,,8192.0,8192.0,6265.0,6950.0
23,seed1,postThink,,2894.0,6899.0,4285.0,8192.0
24,seed1,postThink,,8192.0,3904.0,8192.0,8192.0
25,seed1,postThink,,7172.0,6370.0,4396.0,4252.0
26,seed1,postThink,,6096.0,4635.0,6983.0,3813.0
27,seed1,postThink,,8192.0,8192.0,8192.0,8192.0
28,seed1,postThink,,5393.0,7292.0,3627.0,5598.0
29,seed1,postThink,,8192.0,8192.0,8192.0,8192.0
3,seed1,postThink,,2447.0,3026.0,3302.0,2424.0
4,seed1,postThink,,8192.0,8192.0,8192.0,8192.0
5,seed1,postThink,,8192.0,6854.0,8192.0,6906.0
6,seed1,postThink,,7386.0,3382.0,2820.0,8192.0
7,seed1,postThink,,8192.0,8192.0,8192.0,6327.0
8,seed1,postThink,,4467.0,2843.0,3204.0,4764.0
9,seed1,postThink,,7313.0,6535.0,4622.0,5181.0
0,seed1,wait,,,,,
1,seed1,wait,,,,,
2,seed1,wait,,,,,
3,seed1,wait,,,,,
4,seed1,wait,,,,,
5,seed1,wait,,,,,
6,seed1,wait,,,,,
7,seed1,wait,,,,,
8,seed1,wait,,,,,
9,seed1,wait,,,,,
10,seed1,wait,,,,,
11,seed1,wait,,,,,
12,seed1,wait,,,,,
13,seed1,wait,,,,,
14,seed1,wait,,,,,
15,seed1,wait,,,,,
16,seed1,wait,,,,,
17,seed1,wait,,,,,
18,seed1,wait,,,,,
19,seed1,wait,,,,,
20,seed1,wait,,,,,
21,seed1,wait,,,,,
22,seed1,wait,,,,,
23,seed1,wait,,,,,
24,seed1,wait,,,,,
25,seed1,wait,,,,,
26,seed1,wait,,,,,
27,seed1,wait,,,,,
28,seed1,wait,,,,,
29,seed1,wait,,,,,
2024-I-4,seed1,wait,,,,,
2024-I-3,seed1,wait,,,,,
2024-I-12,seed1,wait,,,,,
2024-I-8,seed1,wait,,,,,
2024-I-11,seed1,wait,,,,,
2024-II-11,seed1,wait,,,,,
2024-II-4,seed1,wait,,,,,
2024-I-1,seed1,wait,,,,,
2024-I-7,seed1,wait,,,,,
2024-II-6,seed1,wait,,,,,
2024-I-2,seed1,wait,,,,,
2024-I-6,seed1,wait,,,,,
2024-II-15,seed1,wait,,,,,
2024-II-7,seed1,wait,,,,,
2024-II-12,seed1,wait,,,,,
2024-I-15,seed1,wait,,,,,
2024-II-5,seed1,wait,,,,,
2024-II-10,seed1,wait,,,,,
2024-II-2,seed1,wait,,,,,
2024-I-13,seed1,wait,,,,,
2024-II-14,seed1,wait,,,,,
2024-II-9,seed1,wait,,,,,
2024-II-1,seed1,wait,,,,,
2024-I-9,seed1,wait,,,,,
2024-I-10,seed1,wait,,,,,
2024-II-8,seed1,wait,,,,,
2024-II-3,seed1,wait,,,,,
2024-I-14,seed1,wait,,,,,
2024-II-13,seed1,wait,,,,,
2024-I-5,seed1,wait,,,,,
0,seed1,answer_only,,3218.0,3019.0,3171.0,3320.0
1,seed1,answer_only,,3446.0,2162.0,2046.0,1881.0
10,seed1,answer_only,,8192.0,8192.0,8192.0,8192.0
11,seed1,answer_only,,8192.0,8192.0,8192.0,8192.0
12,seed1,answer_only,,8192.0,8192.0,8192.0,8192.0
13,seed1,answer_only,,8192.0,8192.0,8192.0,8192.0
14,seed1,answer_only,,8192.0,8192.0,8192.0,8192.0
15,seed1,answer_only,,3753.0,2378.0,3455.0,3689.0
16,seed1,answer_only,,2126.0,2870.0,3928.0,3141.0
17,seed1,answer_only,,8192.0,8192.0,8192.0,8192.0
18,seed1,answer_only,,3218.0,4535.0,3324.0,3537.0
19,seed1,answer_only,,8192.0,8192.0,8192.0,8192.0
2,seed1,answer_only,,8192.0,8192.0,8192.0,8192.0
20,seed1,answer_only,,8192.0,5493.0,8192.0,8192.0
2024-I-1,seed1,answer_only,,2784.0,2719.0,3029.0,3047.0
2024-I-10,seed1,answer_only,,8192.0,8192.0,8192.0,8192.0
2024-I-11,seed1,answer_only,,8192.0,8192.0,8192.0,8192.0
2024-I-12,seed1,answer_only,,8192.0,8192.0,8192.0,8192.0
2024-I-13,seed1,answer_only,,8192.0,5618.0,8192.0,7418.0
2024-I-14,seed1,answer_only,,7754.0,8192.0,4651.0,8192.0
2024-I-15,seed1,answer_only,,8192.0,6197.0,8192.0,8192.0
2024-I-2,seed1,answer_only,,7703.0,7212.0,8192.0,6172.0
2024-I-3,seed1,answer_only,,2686.0,3461.0,2582.0,2348.0
2024-I-4,seed1,answer_only,,2735.0,2783.0,3450.0,2205.0
2024-I-5,seed1,answer_only,,5457.0,5718.0,8192.0,8192.0
2024-I-6,seed1,answer_only,,3487.0,1775.0,3951.0,6025.0
2024-I-7,seed1,answer_only,,4982.0,4933.0,5108.0,2789.0
2024-I-8,seed1,answer_only,,8192.0,8192.0,8192.0,8192.0
2024-I-9,seed1,answer_only,,8192.0,8192.0,8192.0,8192.0
2024-II-1,seed1,answer_only,,3322.0,6650.0,3483.0,2531.0
2024-II-10,seed1,answer_only,,6760.0,4339.0,7777.0,4428.0
2024-II-11,seed1,answer_only,,8192.0,8192.0,8192.0,8192.0
2024-II-12,seed1,answer_only,,6291.0,4305.0,5982.0,8192.0
2024-II-13,seed1,answer_only,,3649.0,6869.0,8192.0,8192.0
2024-II-14,seed1,answer_only,,8192.0,8192.0,8192.0,8192.0
2024-II-15,seed1,answer_only,,8192.0,8192.0,8192.0,8192.0
2024-II-2,seed1,answer_only,,8192.0,6353.0,8192.0,8192.0
2024-II-3,seed1,answer_only,,8192.0,8192.0,8192.0,4020.0
2024-II-4,seed1,answer_only,,4152.0,4311.0,3564.0,3169.0
2024-II-5,seed1,answer_only,,7293.0,8192.0,8192.0,8192.0
2024-II-6,seed1,answer_only,,8192.0,3719.0,3316.0,3070.0
2024-II-7,seed1,answer_only,,8192.0,8192.0,8192.0,8192.0
2024-II-8,seed1,answer_only,,8192.0,8192.0,8192.0,8192.0
2024-II-9,seed1,answer_only,,8192.0,8192.0,8192.0,8192.0
21,seed1,answer_only,,8192.0,7862.0,6499.0,7925.0
22,seed1,answer_only,,8192.0,8192.0,8192.0,8192.0
23,seed1,answer_only,,8192.0,6069.0,8135.0,7893.0
24,seed1,answer_only,,8192.0,8192.0,8192.0,5821.0
25,seed1,answer_only,,8192.0,4097.0,8192.0,8192.0
26,seed1,answer_only,,6062.0,4822.0,6006.0,4338.0
27,seed1,answer_only,,8192.0,8192.0,8192.0,8192.0
28,seed1,answer_only,,8192.0,8192.0,8192.0,8192.0
29,seed1,answer_only,,8192.0,8192.0,8192.0,8192.0
3,seed1,answer_only,,4034.0,3576.0,3313.0,3501.0
4,seed1,answer_only,,8192.0,8192.0,8192.0,8192.0
5,seed1,answer_only,,8192.0,8192.0,8192.0,8192.0
6,seed1,answer_only,,7073.0,8192.0,8192.0,8192.0
7,seed1,answer_only,,8192.0,8192.0,8192.0,8192.0
8,seed1,answer_only,,7436.0,7178.0,5457.0,6993.0
9,seed1,answer_only,,8192.0,8192.0,4978.0,8192.0
0,seed2,backtracking,3152.0,3520.0,3488.0,2034.0,2884.0
1,seed2,backtracking,2864.0,2361.0,2038.0,2137.0,2794.0
10,seed2,backtracking,8192.0,8192.0,8192.0,8192.0,8192.0
11,seed2,backtracking,8192.0,5913.0,8192.0,7013.0,5246.0
12,seed2,backtracking,8192.0,8192.0,8192.0,8192.0,8192.0
13,seed2,backtracking,8192.0,8192.0,8192.0,8192.0,8192.0
14,seed2,backtracking,8192.0,8192.0,8192.0,8192.0,8192.0
15,seed2,backtracking,3950.0,2568.0,2642.0,2746.0,2879.0
16,seed2,backtracking,3403.0,2014.0,1966.0,1995.0,2106.0
17,seed2,backtracking,8192.0,8192.0,8192.0,8192.0,8192.0
18,seed2,backtracking,4067.0,5470.0,2600.0,2818.0,2665.0
19,seed2,backtracking,8192.0,8192.0,8192.0,8192.0,8192.0
2,seed2,backtracking,8192.0,8192.0,8047.0,8192.0,8192.0
20,seed2,backtracking,8192.0,8192.0,6034.0,8192.0,8192.0
2024-I-1,seed2,backtracking,5178.0,2876.0,2651.0,2051.0,2947.0
2024-I-10,seed2,backtracking,8192.0,8192.0,8192.0,8192.0,8192.0
2024-I-11,seed2,backtracking,8192.0,8192.0,8192.0,8192.0,8192.0
2024-I-12,seed2,backtracking,8192.0,8192.0,8192.0,7162.0,8192.0
2024-I-13,seed2,backtracking,8192.0,4273.0,6943.0,8192.0,5861.0
2024-I-14,seed2,backtracking,7912.0,5610.0,3954.0,4658.0,4380.0
2024-I-15,seed2,backtracking,8192.0,5913.0,7620.0,3457.0,3977.0
2024-I-2,seed2,backtracking,4567.0,2526.0,5506.0,3006.0,2483.0
2024-I-3,seed2,backtracking,5287.0,2940.0,2391.0,2629.0,2163.0
2024-I-4,seed2,backtracking,2692.0,2688.0,2272.0,1930.0,1687.0
2024-I-5,seed2,backtracking,8192.0,8192.0,8192.0,8192.0,8192.0
2024-I-6,seed2,backtracking,4435.0,3647.0,2529.0,2108.0,1878.0
2024-I-7,seed2,backtracking,3744.0,3579.0,3202.0,2912.0,2458.0
2024-I-8,seed2,backtracking,8192.0,8192.0,8192.0,7723.0,8192.0
2024-I-9,seed2,backtracking,8192.0,8192.0,5505.0,5579.0,3025.0
2024-II-1,seed2,backtracking,4468.0,8192.0,3156.0,5503.0,2481.0
2024-II-10,seed2,backtracking,8192.0,6440.0,8192.0,5218.0,4480.0
2024-II-11,seed2,backtracking,8192.0,6017.0,1354.0,8192.0,6804.0
2024-II-12,seed2,backtracking,8192.0,8192.0,8192.0,2905.0,2903.0
2024-II-13,seed2,backtracking,5142.0,5662.0,3459.0,3857.0,3982.0
2024-II-14,seed2,backtracking,8192.0,8192.0,8192.0,8192.0,8192.0
2024-II-15,seed2,backtracking,8192.0,8192.0,8192.0,8192.0,8192.0
2024-II-2,seed2,backtracking,8192.0,8192.0,3822.0,3227.0,8192.0
2024-II-3,seed2,backtracking,5920.0,8192.0,8192.0,8192.0,8192.0
2024-II-4,seed2,backtracking,3226.0,2794.0,3518.0,3293.0,3511.0
2024-II-5,seed2,backtracking,8192.0,2268.0,4943.0,2286.0,6420.0
2024-II-6,seed2,backtracking,3852.0,2732.0,3316.0,2271.0,2207.0
2024-II-7,seed2,backtracking,8192.0,3624.0,3783.0,7368.0,5745.0
2024-II-8,seed2,backtracking,8192.0,8192.0,8192.0,8192.0,8192.0
2024-II-9,seed2,backtracking,8192.0,8192.0,8192.0,8192.0,8192.0
21,seed2,backtracking,6982.0,4434.0,3654.0,4518.0,4360.0
22,seed2,backtracking,8192.0,8192.0,8192.0,8192.0,8192.0
23,seed2,backtracking,5425.0,3743.0,7333.0,8192.0,8192.0
24,seed2,backtracking,8192.0,6410.0,7535.0,5313.0,8192.0
25,seed2,backtracking,8192.0,8192.0,2071.0,2406.0,1660.0
26,seed2,backtracking,7672.0,7267.0,8192.0,7991.0,8192.0
27,seed2,backtracking,8192.0,8192.0,8192.0,8192.0,8192.0
28,seed2,backtracking,7842.0,8192.0,8192.0,4395.0,8192.0
29,seed2,backtracking,8192.0,8192.0,8192.0,8192.0,7727.0
3,seed2,backtracking,2914.0,3042.0,2449.0,3145.0,2207.0
4,seed2,backtracking,8192.0,8192.0,8192.0,8192.0,8192.0
5,seed2,backtracking,8192.0,8192.0,7243.0,8192.0,8192.0
6,seed2,backtracking,6019.0,4066.0,8192.0,5779.0,3110.0
7,seed2,backtracking,8192.0,8192.0,8192.0,8192.0,7059.0
8,seed2,backtracking,5244.0,3209.0,3153.0,3362.0,3146.0
9,seed2,backtracking,8192.0,8192.0,8192.0,5199.0,5408.0
0,seed2,base_sum,,3032.0,2637.0,3420.0,2875.0
1,seed2,base_sum,,3021.0,1848.0,2664.0,1847.0
10,seed2,base_sum,,8192.0,8192.0,7871.0,8192.0
11,seed2,base_sum,,8192.0,8192.0,6095.0,8192.0
12,seed2,base_sum,,8192.0,8192.0,8192.0,8192.0
13,seed2,base_sum,,8192.0,8192.0,8192.0,8192.0
14,seed2,base_sum,,8192.0,8192.0,8192.0,8192.0
15,seed2,base_sum,,3708.0,2272.0,2917.0,3696.0
16,seed2,base_sum,,2782.0,2243.0,1751.0,2224.0
17,seed2,base_sum,,8192.0,8192.0,8192.0,6626.0
18,seed2,base_sum,,2770.0,3123.0,3002.0,2941.0
19,seed2,base_sum,,8192.0,8192.0,8192.0,8192.0
2,seed2,base_sum,,8192.0,8192.0,8192.0,8192.0
20,seed2,base_sum,,8192.0,5598.0,8192.0,5617.0
2024-I-1,seed2,base_sum,,3027.0,2367.0,3191.0,2798.0
2024-I-10,seed2,base_sum,,8192.0,8192.0,7535.0,8137.0
2024-I-11,seed2,base_sum,,8192.0,8192.0,8192.0,8192.0
2024-I-12,seed2,base_sum,,8192.0,8192.0,8192.0,8192.0
2024-I-13,seed2,base_sum,,8192.0,6229.0,7165.0,8044.0
2024-I-14,seed2,base_sum,,5100.0,3735.0,3881.0,3174.0
2024-I-15,seed2,base_sum,,4679.0,4606.0,4223.0,5619.0
2024-I-2,seed2,base_sum,,2374.0,2688.0,6809.0,3388.0
2024-I-3,seed2,base_sum,,3440.0,2015.0,2600.0,2166.0
2024-I-4,seed2,base_sum,,2127.0,2168.0,2336.0,2053.0
2024-I-5,seed2,base_sum,,4122.0,6396.0,4604.0,4524.0
2024-I-6,seed2,base_sum,,4232.0,1973.0,3607.0,2743.0
2024-I-7,seed2,base_sum,,4360.0,3140.0,3512.0,2669.0
2024-I-8,seed2,base_sum,,8192.0,8192.0,8192.0,8192.0
2024-I-9,seed2,base_sum,,8192.0,7605.0,8192.0,6695.0
2024-II-1,seed2,base_sum,,8192.0,6528.0,8192.0,7443.0
2024-II-10,seed2,base_sum,,7440.0,6448.0,8192.0,8192.0
2024-II-11,seed2,base_sum,,8192.0,8192.0,7944.0,8192.0
2024-II-12,seed2,base_sum,,4609.0,3292.0,1862.0,3197.0
2024-II-13,seed2,base_sum,,4690.0,3464.0,3410.0,3110.0
2024-II-14,seed2,base_sum,,8192.0,8192.0,8192.0,8192.0
2024-II-15,seed2,base_sum,,8192.0,8192.0,8192.0,8192.0
2024-II-2,seed2,base_sum,,7405.0,4034.0,3684.0,5614.0
2024-II-3,seed2,base_sum,,5583.0,4861.0,3044.0,2857.0
2024-II-4,seed2,base_sum,,4669.0,4039.0,5686.0,2627.0
2024-II-5,seed2,base_sum,,7440.0,5351.0,8192.0,6023.0
2024-II-6,seed2,base_sum,,3956.0,2415.0,2278.0,2741.0
2024-II-7,seed2,base_sum,,4192.0,3700.0,4873.0,8192.0
2024-II-8,seed2,base_sum,,8192.0,8192.0,8192.0,8192.0
2024-II-9,seed2,base_sum,,8192.0,8192.0,5544.0,4304.0
21,seed2,base_sum,,8192.0,7225.0,8192.0,8138.0
22,seed2,base_sum,,8192.0,6021.0,6830.0,2483.0
23,seed2,base_sum,,4709.0,3819.0,5931.0,2623.0
24,seed2,base_sum,,8192.0,5148.0,8192.0,7425.0
25,seed2,base_sum,,8192.0,7472.0,7693.0,6864.0
26,seed2,base_sum,,8192.0,3917.0,8192.0,8192.0
27,seed2,base_sum,,8192.0,8192.0,8192.0,8192.0
28,seed2,base_sum,,4595.0,5059.0,8192.0,8192.0
29,seed2,base_sum,,8192.0,8064.0,8192.0,8192.0
3,seed2,base_sum,,2418.0,3015.0,2795.0,2842.0
4,seed2,base_sum,,8192.0,8192.0,8192.0,8192.0
5,seed2,base_sum,,8192.0,7533.0,8192.0,8192.0
6,seed2,base_sum,,8192.0,5773.0,4180.0,5050.0
7,seed2,base_sum,,8192.0,5780.0,4327.0,6097.0
8,seed2,base_sum,,3518.0,4970.0,2842.0,3719.0
9,seed2,base_sum,,4077.0,4747.0,2441.0,3840.0
0,seed2,firstk,,3313.0,3140.0,3404.0,2437.0
1,seed2,firstk,,2062.0,2107.0,2342.0,1098.0
10,seed2,firstk,,8192.0,8192.0,8192.0,2332.0
11,seed2,firstk,,6927.0,8192.0,4504.0,7792.0
12,seed2,firstk,,8192.0,7626.0,8192.0,8192.0
13,seed2,firstk,,8192.0,6655.0,8177.0,7088.0
14,seed2,firstk,,8192.0,8192.0,8192.0,8192.0
15,seed2,firstk,,2670.0,2418.0,2669.0,3171.0
16,seed2,firstk,,1966.0,2293.0,1643.0,1619.0
17,seed2,firstk,,8192.0,8192.0,5060.0,8192.0
18,seed2,firstk,,4671.0,3163.0,2503.0,5132.0
19,seed2,firstk,,8192.0,8192.0,8192.0,8192.0
2,seed2,firstk,,8192.0,8192.0,8192.0,8192.0
20,seed2,firstk,,7299.0,8192.0,8192.0,8192.0
2024-I-1,seed2,firstk,,2299.0,3043.0,2347.0,2656.0
2024-I-10,seed2,firstk,,7534.0,8192.0,8192.0,6961.0
2024-I-11,seed2,firstk,,8192.0,8192.0,8192.0,8192.0
2024-I-12,seed2,firstk,,8192.0,8192.0,8192.0,8192.0
2024-I-13,seed2,firstk,,8192.0,6916.0,4834.0,4198.0
2024-I-14,seed2,firstk,,8192.0,8192.0,8192.0,8192.0
2024-I-15,seed2,firstk,,8192.0,4741.0,5220.0,8192.0
2024-I-2,seed2,firstk,,8192.0,7485.0,5927.0,3594.0
2024-I-3,seed2,firstk,,3874.0,3208.0,3806.0,8192.0
2024-I-4,seed2,firstk,,1731.0,2421.0,2988.0,2856.0
2024-I-5,seed2,firstk,,8192.0,8192.0,8192.0,4750.0
2024-I-6,seed2,firstk,,1403.0,1149.0,1450.0,4224.0
2024-I-7,seed2,firstk,,3635.0,2226.0,2975.0,3678.0
2024-I-8,seed2,firstk,,8192.0,6485.0,8192.0,5863.0
2024-I-9,seed2,firstk,,5664.0,8192.0,3944.0,5099.0
2024-II-1,seed2,firstk,,3402.0,8192.0,8192.0,5209.0
2024-II-10,seed2,firstk,,4133.0,8192.0,5719.0,3185.0
2024-II-11,seed2,firstk,,8192.0,8192.0,8192.0,8192.0
2024-II-12,seed2,firstk,,6151.0,8192.0,4117.0,5947.0
2024-II-13,seed2,firstk,,3145.0,5927.0,3922.0,3631.0
2024-II-14,seed2,firstk,,8192.0,8192.0,8192.0,8192.0
2024-II-15,seed2,firstk,,8192.0,8192.0,8192.0,8192.0
2024-II-2,seed2,firstk,,8021.0,8192.0,8192.0,4220.0
2024-II-3,seed2,firstk,,8192.0,8192.0,8192.0,4792.0
2024-II-4,seed2,firstk,,3220.0,3905.0,2590.0,2098.0
2024-II-5,seed2,firstk,,6857.0,8192.0,8192.0,5190.0
2024-II-6,seed2,firstk,,3714.0,2726.0,2945.0,2438.0
2024-II-7,seed2,firstk,,8192.0,8192.0,6768.0,6171.0
2024-II-8,seed2,firstk,,8192.0,8192.0,8192.0,8192.0
2024-II-9,seed2,firstk,,8171.0,8192.0,8192.0,8192.0
21,seed2,firstk,,8192.0,8192.0,8192.0,8192.0
22,seed2,firstk,,8192.0,8192.0,8192.0,8192.0
23,seed2,firstk,,7717.0,4671.0,4885.0,8192.0
24,seed2,firstk,,8192.0,8192.0,8145.0,8192.0
25,seed2,firstk,,8192.0,7486.0,7433.0,8192.0
26,seed2,firstk,,8192.0,8192.0,7626.0,8192.0
27,seed2,firstk,,8192.0,8192.0,8192.0,8192.0
28,seed2,firstk,,8192.0,7693.0,8192.0,7697.0
29,seed2,firstk,,8192.0,8192.0,8192.0,8192.0
3,seed2,firstk,,2765.0,2293.0,3414.0,2894.0
4,seed2,firstk,,8192.0,8192.0,8192.0,8192.0
5,seed2,firstk,,8192.0,8192.0,8192.0,8192.0
6,seed2,firstk,,4931.0,8192.0,8192.0,8192.0
7,seed2,firstk,,8192.0,8192.0,8192.0,8192.0
8,seed2,firstk,,4745.0,6737.0,4428.0,5629.0
9,seed2,firstk,,8192.0,8192.0,8192.0,8192.0
0,seed2,lastk,,2500.0,2711.0,3085.0,2576.0
1,seed2,lastk,,2302.0,2886.0,2511.0,2112.0
10,seed2,lastk,,8192.0,8192.0,2506.0,1806.0
11,seed2,lastk,,8192.0,8192.0,8192.0,6078.0
12,seed2,lastk,,6812.0,8192.0,2444.0,8192.0
13,seed2,lastk,,6113.0,2762.0,4162.0,3830.0
14,seed2,lastk,,8192.0,8192.0,8192.0,8192.0
15,seed2,lastk,,2908.0,2611.0,2765.0,2492.0
16,seed2,lastk,,2219.0,2643.0,3141.0,2024.0
17,seed2,lastk,,8192.0,8192.0,8192.0,8192.0
18,seed2,lastk,,3049.0,2096.0,2710.0,2466.0
19,seed2,lastk,,8192.0,8192.0,8192.0,8192.0
2,seed2,lastk,,8192.0,8192.0,8192.0,8192.0
20,seed2,lastk,,8192.0,4346.0,8192.0,8192.0
2024-I-1,seed2,lastk,,2681.0,2509.0,2211.0,4544.0
2024-I-10,seed2,lastk,,8192.0,8192.0,8192.0,6889.0
2024-I-11,seed2,lastk,,8192.0,8192.0,8192.0,8192.0
2024-I-12,seed2,lastk,,8192.0,1905.0,3097.0,2001.0
2024-I-13,seed2,lastk,,5641.0,4843.0,5754.0,2425.0
2024-I-14,seed2,lastk,,4704.0,4779.0,1706.0,5434.0
2024-I-15,seed2,lastk,,5449.0,2843.0,2911.0,2560.0
2024-I-2,seed2,lastk,,3590.0,1789.0,1233.0,1693.0
2024-I-3,seed2,lastk,,2555.0,2087.0,1678.0,1498.0
2024-I-4,seed2,lastk,,2133.0,2028.0,1926.0,2041.0
2024-I-5,seed2,lastk,,8192.0,5180.0,5034.0,2703.0
2024-I-6,seed2,lastk,,1531.0,1113.0,1335.0,1270.0
2024-I-7,seed2,lastk,,2870.0,2364.0,2050.0,2424.0
2024-I-8,seed2,lastk,,8192.0,8192.0,8192.0,4197.0
2024-I-9,seed2,lastk,,8192.0,6885.0,6541.0,6073.0
2024-II-1,seed2,lastk,,1964.0,2418.0,2581.0,1940.0
2024-II-10,seed2,lastk,,8192.0,4639.0,8192.0,8192.0
2024-II-11,seed2,lastk,,8192.0,3146.0,5819.0,2903.0
2024-II-12,seed2,lastk,,4263.0,8192.0,1388.0,2952.0
2024-II-13,seed2,lastk,,6662.0,4529.0,4213.0,4217.0
2024-II-14,seed2,lastk,,7270.0,8192.0,7150.0,4000.0
2024-II-15,seed2,lastk,,8192.0,3683.0,8192.0,8192.0
2024-II-2,seed2,lastk,,8192.0,7852.0,4219.0,4568.0
2024-II-3,seed2,lastk,,5675.0,2915.0,1980.0,1710.0
2024-II-4,seed2,lastk,,2645.0,3107.0,2581.0,3200.0
2024-II-5,seed2,lastk,,1119.0,1513.0,1118.0,1190.0
2024-II-6,seed2,lastk,,1863.0,2374.0,3719.0,1833.0
2024-II-7,seed2,lastk,,5278.0,4104.0,3947.0,3826.0
2024-II-8,seed2,lastk,,8192.0,8192.0,8192.0,8192.0
2024-II-9,seed2,lastk,,8192.0,8192.0,8192.0,7514.0
21,seed2,lastk,,4726.0,4389.0,3095.0,8192.0
22,seed2,lastk,,8192.0,8192.0,8192.0,8192.0
23,seed2,lastk,,8192.0,5252.0,4889.0,3831.0
24,seed2,lastk,,8192.0,6587.0,8192.0,8192.0
25,seed2,lastk,,2371.0,3098.0,1266.0,2369.0
26,seed2,lastk,,8192.0,8192.0,6204.0,4504.0
27,seed2,lastk,,8192.0,8192.0,8192.0,8192.0
28,seed2,lastk,,3745.0,7747.0,3588.0,6229.0
29,seed2,lastk,,8192.0,8192.0,8192.0,6805.0
3,seed2,lastk,,2228.0,2350.0,2457.0,1192.0
4,seed2,lastk,,3606.0,6286.0,1058.0,5645.0
5,seed2,lastk,,8192.0,8192.0,8192.0,8192.0
6,seed2,lastk,,3328.0,4941.0,8192.0,7626.0
7,seed2,lastk,,8192.0,8192.0,6581.0,8192.0
8,seed2,lastk,,4143.0,3455.0,8192.0,4703.0
9,seed2,lastk,,8192.0,4607.0,8192.0,2944.0
0,seed2,postThink,,2063.0,3827.0,3095.0,2816.0
1,seed2,postThink,,2708.0,2810.0,1870.0,1944.0
10,seed2,postThink,,8192.0,8192.0,8192.0,8192.0
11,seed2,postThink,,4391.0,8192.0,6169.0,5761.0
12,seed2,postThink,,8192.0,8192.0,8192.0,8192.0
13,seed2,postThink,,4437.0,3400.0,3333.0,8192.0
14,seed2,postThink,,8192.0,8192.0,8192.0,8192.0
15,seed2,postThink,,3189.0,2784.0,3462.0,2041.0
16,seed2,postThink,,1972.0,1867.0,2053.0,1937.0
17,seed2,postThink,,8192.0,8192.0,8192.0,8192.0
18,seed2,postThink,,4714.0,6310.0,4120.0,2459.0
19,seed2,postThink,,8192.0,8192.0,8192.0,8192.0
2,seed2,postThink,,8192.0,8192.0,8192.0,8192.0
20,seed2,postThink,,8192.0,8192.0,8192.0,8192.0
2024-I-1,seed2,postThink,,3400.0,2830.0,2343.0,2688.0
2024-I-10,seed2,postThink,,8192.0,8192.0,8192.0,8192.0
2024-I-11,seed2,postThink,,8192.0,8192.0,8192.0,8192.0
2024-I-12,seed2,postThink,,8192.0,8192.0,8192.0,8030.0
2024-I-13,seed2,postThink,,5693.0,8192.0,4906.0,6114.0
2024-I-14,seed2,postThink,,4216.0,4503.0,3206.0,3707.0
2024-I-15,seed2,postThink,,4186.0,3535.0,2872.0,4410.0
2024-I-2,seed2,postThink,,8192.0,7479.0,3595.0,3376.0
2024-I-3,seed2,postThink,,3446.0,2981.0,3221.0,1773.0
2024-I-4,seed2,postThink,,2119.0,2628.0,2010.0,1778.0
2024-I-5,seed2,postThink,,8192.0,8192.0,8192.0,8192.0
2024-I-6,seed2,postThink,,4360.0,1963.0,1302.0,3213.0
2024-I-7,seed2,postThink,,2497.0,2300.0,2953.0,4219.0
2024-I-8,seed2,postThink,,8192.0,5575.0,6884.0,3573.0
2024-I-9,seed2,postThink,,5109.0,3443.0,8192.0,3526.0
2024-II-1,seed2,postThink,,4482.0,4155.0,4144.0,8192.0
2024-II-10,seed2,postThink,,7412.0,4320.0,4628.0,3090.0
2024-II-11,seed2,postThink,,7723.0,8192.0,8192.0,8192.0
2024-II-12,seed2,postThink,,7307.0,4494.0,3774.0,3679.0
2024-II-13,seed2,postThink,,4530.0,3251.0,5638.0,4615.0
2024-II-14,seed2,postThink,,8192.0,8192.0,8192.0,8192.0
2024-II-15,seed2,postThink,,8192.0,8192.0,8192.0,8192.0
2024-II-2,seed2,postThink,,8106.0,8121.0,3682.0,3408.0
2024-II-3,seed2,postThink,,6313.0,5644.0,6813.0,5596.0
2024-II-4,seed2,postThink,,2057.0,3620.0,2455.0,3743.0
2024-II-5,seed2,postThink,,7012.0,6396.0,5939.0,7116.0
2024-II-6,seed2,postThink,,3779.0,2016.0,2815.0,4081.0
2024-II-7,seed2,postThink,,4616.0,3809.0,3269.0,5487.0
2024-II-8,seed2,postThink,,8074.0,8192.0,7464.0,8192.0
2024-II-9,seed2,postThink,,8192.0,8192.0,8192.0,8192.0
21,seed2,postThink,,4401.0,6861.0,4264.0,5677.0
22,seed2,postThink,,8192.0,8192.0,5911.0,8192.0
23,seed2,postThink,,5704.0,3999.0,4015.0,4258.0
24,seed2,postThink,,7781.0,8192.0,8016.0,5633.0
25,seed2,postThink,,8192.0,3665.0,2926.0,3172.0
26,seed2,postThink,,6528.0,4476.0,5000.0,5076.0
27,seed2,postThink,,8192.0,8192.0,8192.0,8192.0
28,seed2,postThink,,4532.0,5202.0,4497.0,4875.0
29,seed2,postThink,,8192.0,4641.0,8192.0,5374.0
3,seed2,postThink,,3467.0,2701.0,4416.0,3102.0
4,seed2,postThink,,8192.0,8192.0,8192.0,8192.0
5,seed2,postThink,,5215.0,8192.0,8192.0,8192.0
6,seed2,postThink,,6522.0,7189.0,6321.0,5984.0
7,seed2,postThink,,8192.0,8192.0,8192.0,8192.0
8,seed2,postThink,,3649.0,6718.0,5686.0,5280.0
9,seed2,postThink,,8192.0,8192.0,7248.0,8192.0
0,seed2,wait,,,,,
1,seed2,wait,,,,,
2,seed2,wait,,,,,
3,seed2,wait,,,,,
4,seed2,wait,,,,,
5,seed2,wait,,,,,
6,seed2,wait,,,,,
7,seed2,wait,,,,,
8,seed2,wait,,,,,
9,seed2,wait,,,,,
10,seed2,wait,,,,,
11,seed2,wait,,,,,
12,seed2,wait,,,,,
13,seed2,wait,,,,,
14,seed2,wait,,,,,
15,seed2,wait,,,,,
16,seed2,wait,,,,,
17,seed2,wait,,,,,
18,seed2,wait,,,,,
19,seed2,wait,,,,,
20,seed2,wait,,,,,
21,seed2,wait,,,,,
22,seed2,wait,,,,,
23,seed2,wait,,,,,
24,seed2,wait,,,,,
25,seed2,wait,,,,,
26,seed2,wait,,,,,
27,seed2,wait,,,,,
28,seed2,wait,,,,,
29,seed2,wait,,,,,
2024-I-12,seed2,wait,,,,,
2024-I-8,seed2,wait,,,,,
2024-I-2,seed2,wait,,,,,
2024-I-11,seed2,wait,,,,,
2024-II-12,seed2,wait,,,,,
2024-II-4,seed2,wait,,,,,
2024-I-4,seed2,wait,,,,,
2024-I-3,seed2,wait,,,,,
2024-II-6,seed2,wait,,,,,
2024-I-6,seed2,wait,,,,,
2024-II-7,seed2,wait,,,,,
2024-I-1,seed2,wait,,,,,
2024-I-13,seed2,wait,,,,,
2024-I-7,seed2,wait,,,,,
2024-II-3,seed2,wait,,,,,
2024-I-15,seed2,wait,,,,,
2024-II-15,seed2,wait,,,,,
2024-II-5,seed2,wait,,,,,
2024-II-9,seed2,wait,,,,,
2024-II-11,seed2,wait,,,,,
2024-I-9,seed2,wait,,,,,
2024-II-14,seed2,wait,,,,,
2024-II-2,seed2,wait,,,,,
2024-II-1,seed2,wait,,,,,
2024-I-5,seed2,wait,,,,,
2024-II-10,seed2,wait,,,,,
2024-I-14,seed2,wait,,,,,
2024-II-8,seed2,wait,,,,,
2024-II-13,seed2,wait,,,,,
2024-I-10,seed2,wait,,,,,
0,seed2,answer_only,,3417.0,2338.0,3036.0,3514.0
1,seed2,answer_only,,2983.0,2876.0,2137.0,2903.0
10,seed2,answer_only,,8192.0,8192.0,8192.0,8192.0
11,seed2,answer_only,,7535.0,6242.0,8192.0,8192.0
12,seed2,answer_only,,8192.0,8192.0,8192.0,8192.0
13,seed2,answer_only,,8192.0,8192.0,7128.0,8192.0
14,seed2,answer_only,,8192.0,8192.0,8192.0,8192.0
15,seed2,answer_only,,3699.0,2959.0,3891.0,2930.0
16,seed2,answer_only,,3370.0,3367.0,2543.0,2713.0
17,seed2,answer_only,,8192.0,8192.0,8192.0,8192.0
18,seed2,answer_only,,2765.0,3836.0,3444.0,2873.0
19,seed2,answer_only,,8192.0,8192.0,8192.0,8192.0
2,seed2,answer_only,,8192.0,8192.0,8192.0,8192.0
20,seed2,answer_only,,8192.0,7170.0,8192.0,8192.0
2024-I-1,seed2,answer_only,,2807.0,4162.0,3705.0,2964.0
2024-I-10,seed2,answer_only,,8192.0,8192.0,8192.0,8115.0
2024-I-11,seed2,answer_only,,8192.0,8192.0,8192.0,8192.0
2024-I-12,seed2,answer_only,,8192.0,8192.0,8192.0,8192.0
2024-I-13,seed2,answer_only,,8192.0,8192.0,4974.0,8192.0
2024-I-14,seed2,answer_only,,7819.0,6839.0,7173.0,5045.0
2024-I-15,seed2,answer_only,,8192.0,8181.0,7348.0,8192.0
2024-I-2,seed2,answer_only,,6652.0,2649.0,8192.0,4503.0
2024-I-3,seed2,answer_only,,6522.0,3610.0,3730.0,3989.0
2024-I-4,seed2,answer_only,,2631.0,2582.0,1989.0,2357.0
2024-I-5,seed2,answer_only,,8192.0,6411.0,5791.0,8192.0
2024-I-6,seed2,answer_only,,3254.0,3010.0,2393.0,3495.0
2024-I-7,seed2,answer_only,,3524.0,2904.0,2944.0,4322.0
2024-I-8,seed2,answer_only,,8192.0,8192.0,8192.0,8192.0
2024-I-9,seed2,answer_only,,6323.0,8079.0,7581.0,8192.0
2024-II-1,seed2,answer_only,,8192.0,4466.0,4062.0,3975.0
2024-II-10,seed2,answer_only,,8192.0,8192.0,6571.0,8192.0
2024-II-11,seed2,answer_only,,8192.0,8192.0,8192.0,8192.0
2024-II-12,seed2,answer_only,,8192.0,4479.0,4102.0,8192.0
2024-II-13,seed2,answer_only,,5756.0,3701.0,4593.0,3428.0
2024-II-14,seed2,answer_only,,8192.0,8192.0,8192.0,8192.0
2024-II-15,seed2,answer_only,,8192.0,8192.0,8192.0,8192.0
2024-II-2,seed2,answer_only,,8097.0,8192.0,4993.0,8192.0
2024-II-3,seed2,answer_only,,8192.0,6092.0,8192.0,7786.0
2024-II-4,seed2,answer_only,,2966.0,3214.0,3203.0,3370.0
2024-II-5,seed2,answer_only,,8192.0,8192.0,8192.0,8192.0
2024-II-6,seed2,answer_only,,2613.0,3741.0,3904.0,3214.0
2024-II-7,seed2,answer_only,,8192.0,8192.0,8192.0,8192.0
2024-II-8,seed2,answer_only,,8192.0,8192.0,8192.0,8192.0
2024-II-9,seed2,answer_only,,8192.0,8192.0,8192.0,8192.0
21,seed2,answer_only,,8192.0,8192.0,8192.0,8192.0
22,seed2,answer_only,,8192.0,8192.0,6717.0,8192.0
23,seed2,answer_only,,6029.0,8192.0,8192.0,6971.0
24,seed2,answer_only,,8192.0,8192.0,8192.0,8192.0
25,seed2,answer_only,,8192.0,8192.0,8192.0,8192.0
26,seed2,answer_only,,8192.0,8192.0,4400.0,8192.0
27,seed2,answer_only,,8192.0,8192.0,8192.0,8192.0
28,seed2,answer_only,,8192.0,8192.0,8192.0,8192.0
29,seed2,answer_only,,8192.0,8192.0,8192.0,8192.0
3,seed2,answer_only,,8192.0,3222.0,3254.0,3038.0
4,seed2,answer_only,,8192.0,8192.0,8192.0,8192.0
5,seed2,answer_only,,8192.0,8192.0,8192.0,8192.0
6,seed2,answer_only,,8192.0,7551.0,7391.0,8192.0
7,seed2,answer_only,,8192.0,8192.0,8192.0,8192.0
8,seed2,answer_only,,8192.0,4920.0,5531.0,6069.0
9,seed2,answer_only,,8192.0,7983.0,8192.0,8192.0
0,seed3,backtracking,4763.0,2873.0,2816.0,3574.0,2278.0
1,seed3,backtracking,2416.0,2966.0,2355.0,1926.0,1750.0
10,seed3,backtracking,8192.0,8192.0,8192.0,8192.0,7496.0
11,seed3,backtracking,7666.0,8192.0,8192.0,5804.0,8192.0
12,seed3,backtracking,8192.0,8192.0,8192.0,8192.0,8192.0
13,seed3,backtracking,8192.0,7624.0,7110.0,6780.0,1307.0
14,seed3,backtracking,8192.0,8192.0,8192.0,8192.0,8192.0
15,seed3,backtracking,2531.0,3289.0,3006.0,2577.0,2882.0
16,seed3,backtracking,2741.0,1968.0,2166.0,2048.0,1817.0
17,seed3,backtracking,8192.0,8192.0,8192.0,8192.0,8192.0
18,seed3,backtracking,4080.0,3055.0,3499.0,2881.0,3254.0
19,seed3,backtracking,8192.0,8192.0,8192.0,8192.0,8192.0
2,seed3,backtracking,8192.0,8192.0,8192.0,8192.0,4068.0
20,seed3,backtracking,6803.0,8192.0,8192.0,3268.0,8192.0
2024-I-1,seed3,backtracking,3700.0,2851.0,2794.0,2316.0,2795.0
2024-I-10,seed3,backtracking,8192.0,8192.0,8192.0,8192.0,8192.0
2024-I-11,seed3,backtracking,8192.0,8192.0,8192.0,8192.0,8192.0
2024-I-12,seed3,backtracking,8192.0,8192.0,8192.0,8192.0,5972.0
2024-I-13,seed3,backtracking,8192.0,6951.0,3723.0,4057.0,3752.0
2024-I-14,seed3,backtracking,5006.0,4630.0,2947.0,3688.0,4631.0
2024-I-15,seed3,backtracking,8192.0,8192.0,4908.0,3185.0,3562.0
2024-I-2,seed3,backtracking,6113.0,3931.0,8192.0,3372.0,3182.0
2024-I-3,seed3,backtracking,4218.0,2498.0,2991.0,2209.0,2273.0
2024-I-4,seed3,backtracking,3462.0,1758.0,1792.0,1539.0,1593.0
2024-I-5,seed3,backtracking,8192.0,8192.0,8192.0,8192.0,8192.0
2024-I-6,seed3,backtracking,6243.0,4462.0,3277.0,3368.0,4747.0
2024-I-7,seed3,backtracking,3902.0,3143.0,2417.0,2786.0,2361.0
2024-I-8,seed3,backtracking,8192.0,8192.0,8192.0,4146.0,4115.0
2024-I-9,seed3,backtracking,8192.0,6368.0,8192.0,6139.0,8192.0
2024-II-1,seed3,backtracking,4928.0,8192.0,4908.0,3134.0,3668.0
2024-II-10,seed3,backtracking,5280.0,5198.0,4681.0,4752.0,4787.0
2024-II-11,seed3,backtracking,8192.0,8192.0,5707.0,8192.0,7644.0
2024-II-12,seed3,backtracking,4920.0,4604.0,2361.0,2011.0,1845.0
2024-II-13,seed3,backtracking,5349.0,4630.0,3457.0,5536.0,3503.0
2024-II-14,seed3,backtracking,8192.0,5306.0,6778.0,8192.0,6549.0
2024-II-15,seed3,backtracking,8192.0,8192.0,8192.0,8192.0,5621.0
2024-II-2,seed3,backtracking,8192.0,8192.0,8192.0,5762.0,4076.0
2024-II-3,seed3,backtracking,8192.0,8192.0,2936.0,8192.0,2156.0
2024-II-4,seed3,backtracking,4068.0,3505.0,3241.0,3523.0,3138.0
2024-II-5,seed3,backtracking,8192.0,4451.0,8061.0,4739.0,8192.0
2024-II-6,seed3,backtracking,5313.0,2764.0,2868.0,3171.0,2242.0
2024-II-7,seed3,backtracking,8192.0,5933.0,6689.0,7815.0,5385.0
2024-II-8,seed3,backtracking,8192.0,8192.0,8192.0,8192.0,8192.0
2024-II-9,seed3,backtracking,8192.0,8192.0,8192.0,8192.0,8192.0
21,seed3,backtracking,6401.0,4595.0,7961.0,4988.0,3717.0
22,seed3,backtracking,8192.0,8192.0,8192.0,8192.0,8192.0
23,seed3,backtracking,8192.0,3518.0,3022.0,3841.0,4712.0
24,seed3,backtracking,6480.0,5574.0,2732.0,2812.0,8192.0
25,seed3,backtracking,8192.0,8192.0,8192.0,3834.0,4826.0
26,seed3,backtracking,6707.0,8192.0,7003.0,5043.0,4140.0
27,seed3,backtracking,8192.0,8192.0,8192.0,8192.0,8192.0
28,seed3,backtracking,8192.0,8192.0,8192.0,8192.0,4487.0
29,seed3,backtracking,8192.0,8192.0,8192.0,8192.0,8192.0
3,seed3,backtracking,4525.0,2898.0,3257.0,3576.0,3382.0
4,seed3,backtracking,8192.0,8192.0,8192.0,8192.0,8192.0
5,seed3,backtracking,5247.0,8192.0,8192.0,8192.0,8192.0
6,seed3,backtracking,8192.0,8192.0,8192.0,8192.0,8192.0
7,seed3,backtracking,8192.0,5685.0,7614.0,8192.0,3942.0
8,seed3,backtracking,8192.0,5983.0,3214.0,3752.0,6443.0
9,seed3,backtracking,8192.0,8192.0,8192.0,8192.0,6442.0
0,seed3,base_sum,,3673.0,2864.0,2486.0,2516.0
1,seed3,base_sum,,1796.0,2248.0,2544.0,2094.0
10,seed3,base_sum,,7423.0,8192.0,8192.0,8192.0
11,seed3,base_sum,,8192.0,3510.0,4299.0,5330.0
12,seed3,base_sum,,8192.0,8192.0,8192.0,8192.0
13,seed3,base_sum,,7362.0,8192.0,8192.0,6868.0
14,seed3,base_sum,,8192.0,8192.0,8192.0,8192.0
15,seed3,base_sum,,3002.0,2571.0,3376.0,2658.0
16,seed3,base_sum,,2585.0,2023.0,2057.0,2095.0
17,seed3,base_sum,,8192.0,8192.0,8192.0,8192.0
18,seed3,base_sum,,3042.0,2936.0,4794.0,2472.0
19,seed3,base_sum,,8192.0,8192.0,8192.0,8192.0
2,seed3,base_sum,,8192.0,8192.0,8192.0,8192.0
20,seed3,base_sum,,8192.0,8192.0,8192.0,4457.0
2024-I-1,seed3,base_sum,,2648.0,2546.0,2519.0,1570.0
2024-I-10,seed3,base_sum,,8192.0,8192.0,7164.0,8192.0
2024-I-11,seed3,base_sum,,8192.0,8192.0,8192.0,8192.0
2024-I-12,seed3,base_sum,,8192.0,8192.0,8192.0,8192.0
2024-I-13,seed3,base_sum,,8192.0,5591.0,8192.0,5567.0
2024-I-14,seed3,base_sum,,3280.0,8192.0,4095.0,7205.0
2024-I-15,seed3,base_sum,,7258.0,5967.0,4800.0,4021.0
2024-I-2,seed3,base_sum,,7347.0,4058.0,2258.0,2509.0
2024-I-3,seed3,base_sum,,2593.0,2084.0,2580.0,1470.0
2024-I-4,seed3,base_sum,,2109.0,1711.0,1560.0,1508.0
2024-I-5,seed3,base_sum,,8192.0,8192.0,8192.0,8192.0
2024-I-6,seed3,base_sum,,2541.0,3156.0,1772.0,1958.0
2024-I-7,seed3,base_sum,,2895.0,2458.0,4017.0,2591.0
2024-I-8,seed3,base_sum,,5045.0,8192.0,8192.0,8192.0
2024-I-9,seed3,base_sum,,6208.0,7252.0,7930.0,4299.0
2024-II-1,seed3,base_sum,,5512.0,8124.0,8192.0,4135.0
2024-II-10,seed3,base_sum,,6121.0,6647.0,3731.0,5533.0
2024-II-11,seed3,base_sum,,8192.0,5556.0,5020.0,6832.0
2024-II-12,seed3,base_sum,,3422.0,1835.0,1917.0,2543.0
2024-II-13,seed3,base_sum,,6069.0,3977.0,3126.0,3383.0
2024-II-14,seed3,base_sum,,8192.0,8192.0,6811.0,8192.0
2024-II-15,seed3,base_sum,,8192.0,8192.0,8192.0,8192.0
2024-II-2,seed3,base_sum,,6613.0,3893.0,4624.0,3470.0
2024-II-3,seed3,base_sum,,2135.0,6168.0,4022.0,8192.0
2024-II-4,seed3,base_sum,,2963.0,3316.0,3115.0,2703.0
2024-II-5,seed3,base_sum,,6452.0,5059.0,8192.0,5625.0
2024-II-6,seed3,base_sum,,7724.0,2634.0,2397.0,7005.0
2024-II-7,seed3,base_sum,,4522.0,3390.0,6657.0,7301.0
2024-II-8,seed3,base_sum,,8192.0,8192.0,8192.0,8192.0
2024-II-9,seed3,base_sum,,8192.0,8192.0,8192.0,8192.0
21,seed3,base_sum,,4454.0,8192.0,5091.0,5691.0
22,seed3,base_sum,,8192.0,5947.0,8192.0,7486.0
23,seed3,base_sum,,4660.0,3648.0,3170.0,2282.0
24,seed3,base_sum,,5900.0,3523.0,8192.0,2491.0
25,seed3,base_sum,,5274.0,4547.0,3665.0,2503.0
26,seed3,base_sum,,8192.0,3899.0,3959.0,8192.0
27,seed3,base_sum,,8192.0,8192.0,8192.0,8192.0
28,seed3,base_sum,,5813.0,1955.0,5662.0,8192.0
29,seed3,base_sum,,8192.0,8192.0,8192.0,8192.0
3,seed3,base_sum,,2934.0,3435.0,2736.0,2609.0
4,seed3,base_sum,,8192.0,8192.0,8192.0,8192.0
5,seed3,base_sum,,8192.0,8192.0,8192.0,8192.0
6,seed3,base_sum,,5091.0,3269.0,3214.0,6311.0
7,seed3,base_sum,,5898.0,5927.0,2021.0,7119.0
8,seed3,base_sum,,5584.0,4968.0,5795.0,4801.0
9,seed3,base_sum,,8192.0,8192.0,8192.0,3500.0
0,seed3,firstk,,2331.0,2755.0,1999.0,1963.0
1,seed3,firstk,,1747.0,1184.0,1561.0,1400.0
10,seed3,firstk,,6600.0,8192.0,8192.0,8192.0
11,seed3,firstk,,8192.0,8192.0,7576.0,8192.0
12,seed3,firstk,,8192.0,8192.0,8192.0,8192.0
13,seed3,firstk,,8192.0,6170.0,8192.0,8192.0
14,seed3,firstk,,8192.0,8192.0,8192.0,8192.0
15,seed3,firstk,,2572.0,2135.0,1732.0,2598.0
16,seed3,firstk,,946.0,2123.0,1245.0,2581.0
17,seed3,firstk,,8192.0,8192.0,8192.0,8192.0
18,seed3,firstk,,3774.0,2362.0,2149.0,2220.0
19,seed3,firstk,,8192.0,8192.0,8192.0,8192.0
2,seed3,firstk,,8192.0,8192.0,8192.0,8192.0
20,seed3,firstk,,8192.0,6628.0,8192.0,6614.0
2024-I-1,seed3,firstk,,2723.0,1909.0,1846.0,1753.0
2024-I-10,seed3,firstk,,8192.0,7068.0,8192.0,8192.0
2024-I-11,seed3,firstk,,8192.0,8192.0,8192.0,8192.0
2024-I-12,seed3,firstk,,8192.0,8192.0,8192.0,8192.0
2024-I-13,seed3,firstk,,8192.0,6726.0,5673.0,3612.0
2024-I-14,seed3,firstk,,8192.0,4849.0,8192.0,5317.0
2024-I-15,seed3,firstk,,8192.0,8192.0,6752.0,2665.0
2024-I-2,seed3,firstk,,6117.0,3175.0,4395.0,2059.0
2024-I-3,seed3,firstk,,4162.0,3783.0,3312.0,2753.0
2024-I-4,seed3,firstk,,2285.0,2274.0,2157.0,3365.0
2024-I-5,seed3,firstk,,8192.0,8192.0,8192.0,8192.0
2024-I-6,seed3,firstk,,1599.0,1779.0,1539.0,4694.0
2024-I-7,seed3,firstk,,3050.0,3697.0,2967.0,2810.0
2024-I-8,seed3,firstk,,8192.0,4721.0,4973.0,8192.0
2024-I-9,seed3,firstk,,5545.0,3657.0,4126.0,4134.0
2024-II-1,seed3,firstk,,4652.0,4131.0,7318.0,8181.0
2024-II-10,seed3,firstk,,8192.0,8192.0,6893.0,7101.0
2024-II-11,seed3,firstk,,8192.0,8192.0,8192.0,8192.0
2024-II-12,seed3,firstk,,5543.0,6464.0,5276.0,8192.0
2024-II-13,seed3,firstk,,3366.0,3713.0,2134.0,8192.0
2024-II-14,seed3,firstk,,8192.0,8192.0,8192.0,8192.0
2024-II-15,seed3,firstk,,8192.0,8192.0,8192.0,8192.0
2024-II-2,seed3,firstk,,6191.0,8192.0,8192.0,8192.0
2024-II-3,seed3,firstk,,8192.0,7321.0,8192.0,4036.0
2024-II-4,seed3,firstk,,4567.0,3114.0,2941.0,2672.0
2024-II-5,seed3,firstk,,8192.0,7213.0,8192.0,7910.0
2024-II-6,seed3,firstk,,2438.0,2294.0,2433.0,3220.0
2024-II-7,seed3,firstk,,8192.0,6499.0,6138.0,4390.0
2024-II-8,seed3,firstk,,8192.0,8192.0,8192.0,8192.0
2024-II-9,seed3,firstk,,8192.0,8192.0,8192.0,8192.0
21,seed3,firstk,,8192.0,8192.0,8192.0,8192.0
22,seed3,firstk,,8162.0,6335.0,8192.0,8192.0
23,seed3,firstk,,4457.0,5464.0,7592.0,5516.0
24,seed3,firstk,,8192.0,8192.0,8192.0,8192.0
25,seed3,firstk,,8192.0,8192.0,8192.0,5287.0
26,seed3,firstk,,8192.0,8192.0,8192.0,6837.0
27,seed3,firstk,,8192.0,8192.0,5948.0,8192.0
28,seed3,firstk,,8192.0,8192.0,8192.0,3609.0
29,seed3,firstk,,8192.0,8192.0,8192.0,8192.0
3,seed3,firstk,,3367.0,3732.0,3243.0,3388.0
4,seed3,firstk,,8192.0,8192.0,8192.0,8192.0
5,seed3,firstk,,8192.0,4007.0,8192.0,8192.0
6,seed3,firstk,,8192.0,8192.0,8192.0,8192.0
7,seed3,firstk,,8192.0,6141.0,8192.0,8192.0
8,seed3,firstk,,6611.0,7520.0,5464.0,8192.0
9,seed3,firstk,,8192.0,8192.0,8192.0,6773.0
0,seed3,lastk,,2758.0,2963.0,2336.0,2757.0
1,seed3,lastk,,3090.0,2243.0,2236.0,1965.0
10,seed3,lastk,,8192.0,4691.0,8159.0,2138.0
11,seed3,lastk,,8192.0,8192.0,8192.0,4911.0
12,seed3,lastk,,8192.0,8192.0,8192.0,8192.0
13,seed3,lastk,,8192.0,2476.0,8192.0,8192.0
14,seed3,lastk,,8192.0,8192.0,4676.0,8192.0
15,seed3,lastk,,2682.0,3298.0,3190.0,2570.0
16,seed3,lastk,,2226.0,1687.0,1904.0,2019.0
17,seed3,lastk,,8192.0,975.0,8192.0,8192.0
18,seed3,lastk,,2373.0,2716.0,2625.0,3473.0
19,seed3,lastk,,8192.0,8053.0,8192.0,1515.0
2,seed3,lastk,,8192.0,8192.0,8192.0,6753.0
20,seed3,lastk,,8192.0,6048.0,8192.0,6138.0
2024-I-1,seed3,lastk,,2120.0,3311.0,2007.0,2381.0
2024-I-10,seed3,lastk,,8192.0,8192.0,8192.0,8192.0
2024-I-11,seed3,lastk,,8192.0,7078.0,8192.0,8192.0
2024-I-12,seed3,lastk,,8192.0,8192.0,6323.0,1296.0
2024-I-13,seed3,lastk,,5812.0,5736.0,8192.0,6180.0
2024-I-14,seed3,lastk,,5594.0,5377.0,2948.0,8192.0
2024-I-15,seed3,lastk,,4552.0,5203.0,3876.0,2061.0
2024-I-2,seed3,lastk,,1822.0,1476.0,1197.0,1142.0
2024-I-3,seed3,lastk,,1777.0,1963.0,1911.0,2290.0
2024-I-4,seed3,lastk,,1688.0,1632.0,1424.0,1628.0
2024-I-5,seed3,lastk,,7494.0,3644.0,5668.0,8192.0
2024-I-6,seed3,lastk,,1281.0,1191.0,1365.0,1653.0
2024-I-7,seed3,lastk,,2811.0,2077.0,3107.0,5031.0
2024-I-8,seed3,lastk,,8192.0,8192.0,8192.0,7453.0
2024-I-9,seed3,lastk,,5376.0,5662.0,3897.0,6898.0
2024-II-1,seed3,lastk,,3507.0,1835.0,2006.0,1841.0
2024-II-10,seed3,lastk,,4853.0,5436.0,3912.0,2099.0
2024-II-11,seed3,lastk,,8192.0,8192.0,6791.0,5518.0
2024-II-12,seed3,lastk,,8192.0,2715.0,2554.0,2101.0
2024-II-13,seed3,lastk,,4600.0,3716.0,3172.0,3083.0
2024-II-14,seed3,lastk,,8192.0,8192.0,8192.0,7317.0
2024-II-15,seed3,lastk,,8192.0,8097.0,8192.0,2736.0
2024-II-2,seed3,lastk,,6532.0,3019.0,1339.0,3252.0
2024-II-3,seed3,lastk,,2067.0,3332.0,3493.0,872.0
2024-II-4,seed3,lastk,,3616.0,3218.0,3625.0,4221.0
2024-II-5,seed3,lastk,,3367.0,2673.0,3554.0,1757.0
2024-II-6,seed3,lastk,,2034.0,1584.0,3815.0,1865.0
2024-II-7,seed3,lastk,,6916.0,8192.0,5922.0,6281.0
2024-II-8,seed3,lastk,,8192.0,8192.0,8192.0,8192.0
2024-II-9,seed3,lastk,,8192.0,7265.0,8192.0,5100.0
21,seed3,lastk,,5662.0,3812.0,3405.0,2044.0
22,seed3,lastk,,8192.0,7189.0,2544.0,1333.0
23,seed3,lastk,,6182.0,5587.0,3693.0,5325.0
24,seed3,lastk,,5483.0,7637.0,8192.0,2937.0
25,seed3,lastk,,8192.0,8192.0,8192.0,4077.0
26,seed3,lastk,,8192.0,7098.0,5423.0,4690.0
27,seed3,lastk,,8192.0,4178.0,5603.0,2392.0
28,seed3,lastk,,8192.0,8023.0,4088.0,2085.0
29,seed3,lastk,,8192.0,8192.0,8192.0,1574.0
3,seed3,lastk,,2730.0,2747.0,2479.0,1988.0
4,seed3,lastk,,8192.0,8192.0,7123.0,5814.0
5,seed3,lastk,,8192.0,8192.0,5165.0,8192.0
6,seed3,lastk,,4998.0,3842.0,8192.0,4347.0
7,seed3,lastk,,8192.0,5357.0,1373.0,1063.0
8,seed3,lastk,,6926.0,7200.0,2816.0,3725.0
9,seed3,lastk,,8192.0,8192.0,8192.0,5697.0
0,seed3,postThink,,2532.0,2400.0,3987.0,3366.0
1,seed3,postThink,,2179.0,2033.0,2756.0,1893.0
10,seed3,postThink,,8192.0,8192.0,8192.0,8192.0
11,seed3,postThink,,5600.0,8192.0,8192.0,3987.0
12,seed3,postThink,,8192.0,8192.0,8192.0,8192.0
13,seed3,postThink,,5794.0,4378.0,5202.0,3669.0
14,seed3,postThink,,8192.0,8192.0,8192.0,8192.0
15,seed3,postThink,,2288.0,2348.0,5366.0,3868.0
16,seed3,postThink,,2555.0,4115.0,1645.0,2203.0
17,seed3,postThink,,8192.0,8192.0,8192.0,8192.0
18,seed3,postThink,,2725.0,3313.0,3233.0,2983.0
19,seed3,postThink,,8192.0,8192.0,8192.0,8192.0
2,seed3,postThink,,8192.0,8192.0,8192.0,8192.0
20,seed3,postThink,,7009.0,6016.0,4711.0,5519.0
2024-I-1,seed3,postThink,,2445.0,3267.0,2220.0,2064.0
2024-I-10,seed3,postThink,,8192.0,8192.0,7531.0,8192.0
2024-I-11,seed3,postThink,,8192.0,8192.0,8192.0,8192.0
2024-I-12,seed3,postThink,,8192.0,8192.0,8192.0,8192.0
2024-I-13,seed3,postThink,,8192.0,6771.0,6560.0,6607.0
2024-I-14,seed3,postThink,,3720.0,3410.0,4590.0,3574.0
2024-I-15,seed3,postThink,,4311.0,3505.0,4175.0,3516.0
2024-I-2,seed3,postThink,,3246.0,7555.0,5761.0,6322.0
2024-I-3,seed3,postThink,,2022.0,2740.0,2555.0,2737.0
2024-I-4,seed3,postThink,,2027.0,2012.0,1680.0,1734.0
2024-I-5,seed3,postThink,,8192.0,8192.0,8192.0,8192.0
2024-I-6,seed3,postThink,,4385.0,5714.0,2857.0,2810.0
2024-I-7,seed3,postThink,,3960.0,3837.0,2501.0,3819.0
2024-I-8,seed3,postThink,,8192.0,8192.0,8192.0,8192.0
2024-I-9,seed3,postThink,,4659.0,8192.0,8192.0,5494.0
2024-II-1,seed3,postThink,,2853.0,2718.0,8192.0,5864.0
2024-II-10,seed3,postThink,,5099.0,4014.0,5212.0,4920.0
2024-II-11,seed3,postThink,,8115.0,8192.0,8192.0,7912.0
2024-II-12,seed3,postThink,,3956.0,4341.0,2174.0,1949.0
2024-II-13,seed3,postThink,,6600.0,3421.0,4388.0,3472.0
2024-II-14,seed3,postThink,,8192.0,8192.0,8192.0,8192.0
2024-II-15,seed3,postThink,,8192.0,8192.0,8192.0,8192.0
2024-II-2,seed3,postThink,,8192.0,8192.0,8192.0,8192.0
2024-II-3,seed3,postThink,,5860.0,5052.0,4107.0,8192.0
2024-II-4,seed3,postThink,,5683.0,3662.0,2706.0,2890.0
2024-II-5,seed3,postThink,,6658.0,8192.0,3812.0,8192.0
2024-II-6,seed3,postThink,,2077.0,8192.0,2284.0,5643.0
2024-II-7,seed3,postThink,,5319.0,8192.0,8034.0,5121.0
2024-II-8,seed3,postThink,,8192.0,8192.0,8192.0,8192.0
2024-II-9,seed3,postThink,,8192.0,8192.0,6085.0,8192.0
21,seed3,postThink,,8192.0,8192.0,4679.0,4557.0
22,seed3,postThink,,7991.0,8192.0,8192.0,8192.0
23,seed3,postThink,,4831.0,3483.0,5737.0,6916.0
24,seed3,postThink,,8192.0,3165.0,5387.0,6376.0
25,seed3,postThink,,8192.0,8192.0,5745.0,8192.0
26,seed3,postThink,,8192.0,8192.0,6071.0,8192.0
27,seed3,postThink,,8192.0,8192.0,8192.0,8192.0
28,seed3,postThink,,3904.0,8192.0,4760.0,3962.0
29,seed3,postThink,,8192.0,8192.0,4343.0,8192.0
3,seed3,postThink,,3256.0,2589.0,5183.0,3269.0
4,seed3,postThink,,8192.0,8192.0,8192.0,8192.0
5,seed3,postThink,,8192.0,8192.0,8192.0,8192.0
6,seed3,postThink,,8192.0,8192.0,2342.0,7451.0
7,seed3,postThink,,7205.0,8192.0,6865.0,8192.0
8,seed3,postThink,,4542.0,3078.0,4390.0,7105.0
9,seed3,postThink,,8192.0,8192.0,8192.0,8192.0
0,seed3,wait,,,,,
1,seed3,wait,,,,,
2,seed3,wait,,,,,
3,seed3,wait,,,,,
4,seed3,wait,,,,,
5,seed3,wait,,,,,
6,seed3,wait,,,,,
7,seed3,wait,,,,,
8,seed3,wait,,,,,
9,seed3,wait,,,,,
10,seed3,wait,,,,,
11,seed3,wait,,,,,
12,seed3,wait,,,,,
13,seed3,wait,,,,,
14,seed3,wait,,,,,
15,seed3,wait,,,,,
16,seed3,wait,,,,,
17,seed3,wait,,,,,
18,seed3,wait,,,,,
19,seed3,wait,,,,,
20,seed3,wait,,,,,
21,seed3,wait,,,,,
22,seed3,wait,,,,,
23,seed3,wait,,,,,
24,seed3,wait,,,,,
25,seed3,wait,,,,,
26,seed3,wait,,,,,
27,seed3,wait,,,,,
28,seed3,wait,,,,,
29,seed3,wait,,,,,
2024-I-8,seed3,wait,,,,,
2024-I-12,seed3,wait,,,,,
2024-I-11,seed3,wait,,,,,
2024-I-3,seed3,wait,,,,,
2024-I-4,seed3,wait,,,,,
2024-II-12,seed3,wait,,,,,
2024-I-2,seed3,wait,,,,,
2024-II-4,seed3,wait,,,,,
2024-I-1,seed3,wait,,,,,
2024-I-7,seed3,wait,,,,,
2024-II-6,seed3,wait,,,,,
2024-I-6,seed3,wait,,,,,
2024-II-7,seed3,wait,,,,,
2024-II-15,seed3,wait,,,,,
2024-I-13,seed3,wait,,,,,
2024-I-15,seed3,wait,,,,,
2024-II-10,seed3,wait,,,,,
2024-II-9,seed3,wait,,,,,
2024-II-5,seed3,wait,,,,,
2024-I-9,seed3,wait,,,,,
2024-II-1,seed3,wait,,,,,
2024-II-3,seed3,wait,,,,,
2024-I-10,seed3,wait,,,,,
2024-I-14,seed3,wait,,,,,
2024-I-5,seed3,wait,,,,,
2024-II-13,seed3,wait,,,,,
2024-II-11,seed3,wait,,,,,
2024-II-14,seed3,wait,,,,,
2024-II-8,seed3,wait,,,,,
2024-II-2,seed3,wait,,,,,
0,seed3,answer_only,,3624.0,3101.0,2801.0,3569.0
1,seed3,answer_only,,2209.0,2350.0,2586.0,1277.0
10,seed3,answer_only,,8192.0,8192.0,8192.0,8192.0
11,seed3,answer_only,,7007.0,8192.0,8192.0,8192.0
12,seed3,answer_only,,8192.0,8192.0,8192.0,8192.0
13,seed3,answer_only,,8192.0,8192.0,8192.0,8192.0
14,seed3,answer_only,,8192.0,8192.0,8192.0,8192.0
15,seed3,answer_only,,3647.0,4062.0,2838.0,2840.0
16,seed3,answer_only,,3844.0,3162.0,3251.0,1508.0
17,seed3,answer_only,,8192.0,8192.0,8192.0,8192.0
18,seed3,answer_only,,4474.0,3616.0,3410.0,3567.0
19,seed3,answer_only,,8192.0,8192.0,8192.0,8192.0
2,seed3,answer_only,,8192.0,8192.0,7441.0,8192.0
20,seed3,answer_only,,8192.0,8192.0,8192.0,8192.0
2024-I-1,seed3,answer_only,,2484.0,3007.0,3004.0,2898.0
2024-I-10,seed3,answer_only,,8192.0,8192.0,8192.0,8192.0
2024-I-11,seed3,answer_only,,8192.0,8192.0,8192.0,8192.0
2024-I-12,seed3,answer_only,,8192.0,8192.0,8192.0,8192.0
2024-I-13,seed3,answer_only,,8192.0,8192.0,6419.0,6540.0
2024-I-14,seed3,answer_only,,8192.0,8192.0,8192.0,5993.0
2024-I-15,seed3,answer_only,,6915.0,7719.0,8192.0,4248.0
2024-I-2,seed3,answer_only,,6647.0,2391.0,2743.0,8192.0
2024-I-3,seed3,answer_only,,5272.0,2720.0,3463.0,3159.0
2024-I-4,seed3,answer_only,,2970.0,2928.0,2094.0,2735.0
2024-I-5,seed3,answer_only,,8192.0,8192.0,6336.0,5721.0
2024-I-6,seed3,answer_only,,5175.0,3303.0,2708.0,3195.0
2024-I-7,seed3,answer_only,,3018.0,2680.0,7874.0,3799.0
2024-I-8,seed3,answer_only,,8192.0,8192.0,8192.0,6574.0
2024-I-9,seed3,answer_only,,8012.0,8192.0,6133.0,8192.0
2024-II-1,seed3,answer_only,,3850.0,8192.0,3950.0,4881.0
2024-II-10,seed3,answer_only,,7773.0,8192.0,5603.0,8192.0
2024-II-11,seed3,answer_only,,8192.0,8192.0,8192.0,8192.0
2024-II-12,seed3,answer_only,,4042.0,8192.0,8192.0,8192.0
2024-II-13,seed3,answer_only,,5405.0,4207.0,8192.0,3861.0
2024-II-14,seed3,answer_only,,8192.0,8192.0,8192.0,8192.0
2024-II-15,seed3,answer_only,,7212.0,8192.0,8192.0,6864.0
2024-II-2,seed3,answer_only,,5288.0,8192.0,7185.0,6784.0
2024-II-3,seed3,answer_only,,4698.0,4265.0,8192.0,8192.0
2024-II-4,seed3,answer_only,,4175.0,3048.0,4416.0,2980.0
2024-II-5,seed3,answer_only,,5167.0,8192.0,6182.0,8192.0
2024-II-6,seed3,answer_only,,3070.0,2981.0,2622.0,2499.0
2024-II-7,seed3,answer_only,,8192.0,8192.0,7882.0,8192.0
2024-II-8,seed3,answer_only,,8192.0,8192.0,8192.0,8192.0
2024-II-9,seed3,answer_only,,8192.0,8192.0,8192.0,8192.0
21,seed3,answer_only,,8192.0,8192.0,8192.0,8192.0
22,seed3,answer_only,,8192.0,8192.0,8192.0,8192.0
23,seed3,answer_only,,8192.0,8192.0,8192.0,6239.0
24,seed3,answer_only,,8192.0,8192.0,8192.0,8192.0
25,seed3,answer_only,,8192.0,8192.0,7527.0,7024.0
26,seed3,answer_only,,6323.0,8192.0,8192.0,8192.0
27,seed3,answer_only,,8192.0,8192.0,8192.0,8192.0
28,seed3,answer_only,,8192.0,8192.0,8069.0,8192.0
29,seed3,answer_only,,8192.0,8192.0,8192.0,8192.0
3,seed3,answer_only,,3608.0,3873.0,3426.0,4942.0
4,seed3,answer_only,,8192.0,8192.0,8192.0,8192.0
5,seed3,answer_only,,8192.0,8192.0,8192.0,6173.0
6,seed3,answer_only,,7677.0,8192.0,8192.0,8192.0
7,seed3,answer_only,,8192.0,8192.0,8192.0,8192.0
8,seed3,answer_only,,7086.0,8192.0,8192.0,6277.0
9,seed3,answer_only,,8192.0,8192.0,8192.0,8192.0
