problem_id,experiment_type,iteration_0_compression_rate,iteration_1_compression_rate,iteration_2_compression_rate,iteration_3_compression_rate,iteration_4_compression_rate,seed
0,backtracking,,0.16536712150747238,0.10478654592496765,0.07186858316221766,,0
1,backtracking,,0.19310344827586207,0.17742643829600352,0.1716188524590164,,0
10,backtracking,,0.026650912432716292,0.05491791370042133,0.06364562118126273,,0
11,backtracking,,0.035080478745357,0.06836440806427165,0.07543401444154248,,0
12,backtracking,,0.02239742684553228,0.045842015533244934,0.034849854373807373,,0
13,backtracking,,0.02681992337164751,0.07477678571428571,0.10340414640389045,,0
14,backtracking,,0.01915952154123002,0.039383561643835614,0.02434912905038397,,0
15,backtracking,,0.12909632571996027,0.07921886514369934,0.06938325991189427,,0
16,backtracking,,0.28171931641636455,0.23544698544698545,0.28060886829913967,,0
17,backtracking,,0.034566172257941306,0.0315955766192733,0.031184864518197852,,0
18,backtracking,,0.1402135231316726,0.10929408558190243,0.11289803795432615,,0
19,backtracking,,0.02192852486220589,0.04354386721276137,0.06247191011235955,,0
2,backtracking,,0.015891911195762158,0.02702139483189775,0.01939233513637933,,0
20,backtracking,,0.023855057876195268,0.023971149766652523,0.025622153732922398,,0
2024-I-1,backtracking,,0.1934716082964978,0.22800925925925927,0.19266875279392043,,0
2024-I-10,backtracking,,0.03782562150588795,0.04177146963708229,0.015948566760203176,,0
2024-I-11,backtracking,,0.0314874475715762,0.024112719701738245,0.022695806962025316,,0
2024-I-12,backtracking,,0.03054550514890064,0.062199150542708824,0.031260945709281965,,0
2024-I-13,backtracking,,0.12055295791827607,0.17755572636433511,0.16684192078513846,,0
2024-I-14,backtracking,,0.08583589501064082,0.0941932031040942,0.01794834379104042,,0
2024-I-15,backtracking,,0.08626080559131874,0.0953286257468767,0.11541533546325879,,0
2024-I-2,backtracking,,0.0233131584846447,0.035963739039976225,0.13726333907056798,,0
2024-I-3,backtracking,,0.19212410501193317,0.1944216570959803,0.18620689655172415,,0
2024-I-4,backtracking,,0.19395367098547311,0.2273224043715847,0.20732797140303844,,0
2024-I-5,backtracking,,0.01779439589152176,0.01645013090945018,0.04251890417751333,,0
2024-I-6,backtracking,,0.14355979096218874,0.11485148514851486,0.23734729493891799,,0
2024-I-7,backtracking,,0.10470701248799232,0.15486558121923513,0.06467753891771683,,0
2024-I-8,backtracking,,0.02926575848533826,0.04839194469492035,0.04397622906537007,,0
2024-I-9,backtracking,,0.04489648531535869,0.13936097892590074,0.07343857240905971,,0
2024-II-1,backtracking,,0.075788255713046,0.08995603652350355,0.11023310944290794,,0
2024-II-10,backtracking,,0.04245283018867924,0.07848415821080969,0.05540943363142206,,0
2024-II-11,backtracking,,0.022635957218040858,0.09791099000908265,0.08763991426530127,,0
2024-II-12,backtracking,,0.07131694843017473,0.12459210916641945,0.19122486288848264,,0
2024-II-13,backtracking,,0.042765018667270054,0.09698825931597754,0.10619696580097711,,0
2024-II-14,backtracking,,0.021784927702767402,0.04131184460553171,0.0301952580195258,,0
2024-II-15,backtracking,,0.04047337278106509,0.0409688995215311,0.03600410409476728,,0
2024-II-2,backtracking,,0.07680056627145639,0.09702602230483272,0.1074800290486565,,0
2024-II-3,backtracking,,0.09839092587707729,0.09916630100921457,0.14954265049989365,,0
2024-II-4,backtracking,,0.15738831615120275,0.11866902237926973,0.13706896551724138,,0
2024-II-5,backtracking,,0.06941689805632685,0.05302070130967469,0.08807339449541285,,0
2024-II-6,backtracking,,0.13566666666666666,0.16477272727272727,0.1804214223002634,,0
2024-II-7,backtracking,,0.061136363636363635,0.024329744564070086,0.12474437627811862,,0
2024-II-8,backtracking,,0.018649284808980628,0.021070337745119738,0.029147104851330204,,0
2024-II-9,backtracking,,0.0149375,0.022997082965877484,0.023584165664383202,,0
21,backtracking,,0.07154074332577212,0.032946370176586005,0.0748663101604278,,0
22,backtracking,,0.04601873536299766,0.10199521149241819,0.08173850831693794,,0
23,backtracking,,0.058502906976744186,0.11168442077230359,0.1399132321041215,,0
24,backtracking,,0.028338646829613887,0.03016153457849571,0.029333460112199297,,0
25,backtracking,,0.03914415302701637,0.03685201867168946,0.030089003732414583,,0
26,backtracking,,0.017464107008535828,0.07794166946027489,0.051629726205997394,,0
27,backtracking,,0.03308765877371805,0.013101144728734962,0.05350984536655913,,0
28,backtracking,,0.02338321753073223,0.051967116852613036,0.07446446786807208,,0
29,backtracking,,0.019,0.02181500872600349,0.012941611482738915,,0
3,backtracking,,0.106465101318752,0.14541238820801589,0.07727593507410022,,0
4,backtracking,,0.037914220320429896,0.027067388463692364,0.03744163509822923,,0
5,backtracking,,0.024968789013732832,0.019877422560874606,0.08697850821744627,,0
6,backtracking,,0.10885167464114832,0.07306889352818371,0.048761807505744194,,0
7,backtracking,,0.05249260667511618,0.049347341610951924,0.03171570500573175,,0
8,backtracking,,0.10208631947762382,0.10638297872340426,0.17683322517845554,,0
9,backtracking,,0.016907758782641367,0.02512133980478959,0.027543648404575558,,0
0,base_sum,0.0687299893276414,0.12304177545691906,0.1747008547008547,0.14321608040201006,,0
1,base_sum,0.06824417009602195,0.06163453706217757,0.08996212121212122,0.15173025732031944,,0
10,base_sum,0.031153714481342007,0.033729216152019,0.032251105598101605,0.1064471879286694,,0
11,base_sum,0.03048534099582454,0.03631946553294868,0.04394457649718824,0.03000945179584121,,0
12,base_sum,0.018386838894265158,0.061704898327156164,0.05037560760053027,0.07636148382004736,,0
13,base_sum,0.05749070003381806,0.060621369032583985,0.03739034153819947,0.04266546057590834,,0
14,base_sum,0.010940597694397532,0.0397586084487043,0.05531007161359135,0.02405412177399148,,0
15,base_sum,0.15879721669980118,0.09098383118662648,0.04970303219756174,0.0672338090010977,,0
16,base_sum,0.11174512601046124,0.26859504132231404,0.21608527131782945,0.08770917484131564,,0
17,base_sum,0.01821890827236916,0.027489834488288185,0.01834175556803294,0.028901734104046242,,0
18,base_sum,0.10282574568288853,0.0171308705279105,0.03900526261479723,0.19625059326056005,,0
19,base_sum,0.0231898670363602,0.02313710259113355,0.033025815954725174,0.024816583780589888,,0
2,base_sum,0.009559804357492218,0.016002115982278648,0.024742873934763442,0.033065004760668225,,0
20,base_sum,0.03536867346064914,0.02553141652515079,0.07018046405041535,0.08491663435440093,,0
2024-I-1,base_sum,0.11334214002642008,0.1654769630110318,0.104177545691906,0.25564304461942255,,0
2024-I-10,base_sum,0.01884915151180145,0.04244314916673508,0.026617867243387123,0.010768372731562916,,0
2024-I-11,base_sum,0.028228280880161303,0.06120965396917709,0.07147850401957358,0.042104200323101776,,0
2024-I-12,base_sum,0.01187343559463449,0.0377942063971032,0.057014054627419784,0.027897191987560598,,0
2024-I-13,base_sum,0.055767684887459805,0.08178343949044586,0.0387243735763098,0.11696917314894843,,0
2024-I-14,base_sum,0.037907100907634814,0.038513819664703214,0.07272320429626315,0.05782041033839595,,0
2024-I-15,base_sum,0.042105263157894736,0.08782083543029694,0.16258688425506196,0.07312424189915093,,0
2024-I-2,base_sum,0.04906221408966148,0.0847424684159378,0.10338797814207651,0.07819247378161628,,0
2024-I-3,base_sum,0.06840148698884758,0.09723577235772357,0.14270500532481364,0.16056218057921637,,0
2024-I-4,base_sum,0.18878637331440737,0.23638968481375358,0.23618382780686445,0.2639240506329114,,0
2024-I-5,base_sum,0.031439925198690974,0.021656215657120694,0.03486417131227325,0.03902496191257471,,0
2024-I-6,base_sum,0.14600760456273765,0.05618661257606491,0.0610062893081761,0.11088242860818112,,0
2024-I-7,base_sum,0.02600866955651884,0.07262872628726287,0.08212824010914052,0.06515454747609517,,0
2024-I-8,base_sum,0.02164468878551382,0.01544111839507148,0.016845412198028382,0.04775376258911395,,0
2024-I-9,base_sum,0.049034899590563466,0.04647483437160091,0.04503990877993159,0.1141732283464567,,0
2024-II-1,base_sum,0.06147336983573917,0.2087729039422543,0.12410575427682737,0.17633247241136418,,0
2024-II-10,base_sum,0.033568075117370894,0.07170124481327801,0.038790097629009763,0.08105147864184009,,0
2024-II-11,base_sum,0.018774386045444114,0.06206783009548897,0.028979907264296754,0.06929681112019624,,0
2024-II-12,base_sum,0.03889029642766658,0.08743400211193242,0.12481105592744547,0.21337172104926425,,0
2024-II-13,base_sum,0.10637961057463986,0.13753907360045467,0.15992438563327033,0.0868816145705144,,0
2024-II-14,base_sum,0.017495213573644947,0.024012158054711245,0.025159068355612633,0.07678500199441564,,0
2024-II-15,base_sum,0.025447487599741213,0.02605917955615333,0.018670605612998523,0.024023424502562056,,0
2024-II-2,base_sum,0.045868832970081236,0.04330974047859791,0.06995389857686911,0.07761121856866537,,0
2024-II-3,base_sum,0.018190614417029512,0.08104196816208394,0.06520747834017328,0.08701657458563536,,0
2024-II-4,base_sum,0.2519966951253098,0.12407407407407407,0.12480127186009539,0.1453146220009054,,0
2024-II-5,base_sum,0.017030219581129068,0.0586709886547812,0.0329161926431551,0.05141737032569361,,0
2024-II-6,base_sum,0.14341590612777053,0.11825192802056556,0.12313937753721245,0.11310151036178434,,0
2024-II-7,base_sum,0.031237564663748506,0.036190663005100036,0.09852045256744996,0.04005916430420313,,0
2024-II-8,base_sum,0.01346875,0.018153600150496167,0.02509338963781062,0.012936103488827911,,0
2024-II-9,base_sum,0.013625,0.02141203703703704,0.07225592939878654,0.10806297709923664,,0
21,base_sum,0.06699857752489331,0.07017376360511743,0.11924245966799159,0.08656432979901883,,0
22,base_sum,0.030825353397172822,0.062206572769953054,0.05313728344737225,0.07412666856006817,,0
23,base_sum,0.12729621125143514,0.14070006863417983,0.17849327914973429,0.16336295283663704,,0
24,base_sum,0.017261850397296555,0.02397922537156749,0.026775468570699987,0.0293095633781538,,0
25,base_sum,0.03268721836778485,0.019994710394075643,0.02458471760797342,0.05285207863358041,,0
26,base_sum,0.048077930239865924,0.027349359975023416,0.10302153648344584,0.06491841491841492,,0
27,base_sum,0.02046563280847182,0.019533206450966643,0.032362578697397004,0.017534423407917384,,0
28,base_sum,0.02297986577181208,0.034532721564839414,0.07029226785053644,0.03867577509196006,,0
29,base_sum,0.0198125,0.043856244663510055,0.027982844688181116,0.016015863331299573,,0
3,base_sum,0.12656529516994633,0.15037593984962405,0.16853013362421598,0.1558922558922559,,0
4,base_sum,0.024800708591674048,0.034668921555873554,0.043375601224311326,0.025638097413350082,,0
5,base_sum,0.021392381309814225,0.01952362358453729,0.013601716189693733,0.015375,,0
6,base_sum,0.05358537728479925,0.04365719819238218,0.05054240631163708,0.0194375,,0
7,base_sum,0.03218345228654507,0.02838221381267739,0.028697130286971302,0.043380534951674536,,0
8,base_sum,0.0748207279123258,0.14514123290104813,0.15368746776689016,0.18630502445531347,,0
9,base_sum,0.024611809443329462,0.012225424908060828,0.017288821971860234,0.024382570394840333,,0
0,firstk,,,,,,0
1,firstk,,,,,,0
10,firstk,,,,,,0
11,firstk,,,,,,0
12,firstk,,,,,,0
13,firstk,,,,,,0
14,firstk,,,,,,0
15,firstk,,,,,,0
16,firstk,,,,,,0
17,firstk,,,,,,0
18,firstk,,,,,,0
19,firstk,,,,,,0
2,firstk,,,,,,0
20,firstk,,,,,,0
2024-I-1,firstk,,,,,,0
2024-I-10,firstk,,,,,,0
2024-I-11,firstk,,,,,,0
2024-I-12,firstk,,,,,,0
2024-I-13,firstk,,,,,,0
2024-I-14,firstk,,,,,,0
2024-I-15,firstk,,,,,,0
2024-I-2,firstk,,,,,,0
2024-I-3,firstk,,,,,,0
2024-I-4,firstk,,,,,,0
2024-I-5,firstk,,,,,,0
2024-I-6,firstk,,,,,,0
2024-I-7,firstk,,,,,,0
2024-I-8,firstk,,,,,,0
2024-I-9,firstk,,,,,,0
2024-II-1,firstk,,,,,,0
2024-II-10,firstk,,,,,,0
2024-II-11,firstk,,,,,,0
2024-II-12,firstk,,,,,,0
2024-II-13,firstk,,,,,,0
2024-II-14,firstk,,,,,,0
2024-II-15,firstk,,,,,,0
2024-II-2,firstk,,,,,,0
2024-II-3,firstk,,,,,,0
2024-II-4,firstk,,,,,,0
2024-II-5,firstk,,,,,,0
2024-II-6,firstk,,,,,,0
2024-II-7,firstk,,,,,,0
2024-II-8,firstk,,,,,,0
2024-II-9,firstk,,,,,,0
21,firstk,,,,,,0
22,firstk,,,,,,0
23,firstk,,,,,,0
24,firstk,,,,,,0
25,firstk,,,,,,0
26,firstk,,,,,,0
27,firstk,,,,,,0
28,firstk,,,,,,0
29,firstk,,,,,,0
3,firstk,,,,,,0
4,firstk,,,,,,0
5,firstk,,,,,,0
6,firstk,,,,,,0
7,firstk,,,,,,0
8,firstk,,,,,,0
9,firstk,,,,,,0
0,lastk,,,,,,0
1,lastk,,,,,,0
10,lastk,,,,,,0
11,lastk,,,,,,0
12,lastk,,,,,,0
13,lastk,,,,,,0
14,lastk,,,,,,0
15,lastk,,,,,,0
16,lastk,,,,,,0
17,lastk,,,,,,0
18,lastk,,,,,,0
19,lastk,,,,,,0
2,lastk,,,,,,0
20,lastk,,,,,,0
2024-I-1,lastk,,,,,,0
2024-I-10,lastk,,,,,,0
2024-I-11,lastk,,,,,,0
2024-I-12,lastk,,,,,,0
2024-I-13,lastk,,,,,,0
2024-I-14,lastk,,,,,,0
2024-I-15,lastk,,,,,,0
2024-I-2,lastk,,,,,,0
2024-I-3,lastk,,,,,,0
2024-I-4,lastk,,,,,,0
2024-I-5,lastk,,,,,,0
2024-I-6,lastk,,,,,,0
2024-I-7,lastk,,,,,,0
2024-I-8,lastk,,,,,,0
2024-I-9,lastk,,,,,,0
2024-II-1,lastk,,,,,,0
2024-II-10,lastk,,,,,,0
2024-II-11,lastk,,,,,,0
2024-II-12,lastk,,,,,,0
2024-II-13,lastk,,,,,,0
2024-II-14,lastk,,,,,,0
2024-II-15,lastk,,,,,,0
2024-II-2,lastk,,,,,,0
2024-II-3,lastk,,,,,,0
2024-II-4,lastk,,,,,,0
2024-II-5,lastk,,,,,,0
2024-II-6,lastk,,,,,,0
2024-II-7,lastk,,,,,,0
2024-II-8,lastk,,,,,,0
2024-II-9,lastk,,,,,,0
21,lastk,,,,,,0
22,lastk,,,,,,0
23,lastk,,,,,,0
24,lastk,,,,,,0
25,lastk,,,,,,0
26,lastk,,,,,,0
27,lastk,,,,,,0
28,lastk,,,,,,0
29,lastk,,,,,,0
3,lastk,,,,,,0
4,lastk,,,,,,0
5,lastk,,,,,,0
6,lastk,,,,,,0
7,lastk,,,,,,0
8,lastk,,,,,,0
9,lastk,,,,,,0
0,postThink,,,,,,0
1,postThink,,,,,,0
10,postThink,,,,,,0
11,postThink,,,,,,0
12,postThink,,,,,,0
13,postThink,,,,,,0
14,postThink,,,,,,0
15,postThink,,,,,,0
16,postThink,,,,,,0
17,postThink,,,,,,0
18,postThink,,,,,,0
19,postThink,,,,,,0
2,postThink,,,,,,0
20,postThink,,,,,,0
2024-I-1,postThink,,,,,,0
2024-I-10,postThink,,,,,,0
2024-I-11,postThink,,,,,,0
2024-I-12,postThink,,,,,,0
2024-I-13,postThink,,,,,,0
2024-I-14,postThink,,,,,,0
2024-I-15,postThink,,,,,,0
2024-I-2,postThink,,,,,,0
2024-I-3,postThink,,,,,,0
2024-I-4,postThink,,,,,,0
2024-I-5,postThink,,,,,,0
2024-I-6,postThink,,,,,,0
2024-I-7,postThink,,,,,,0
2024-I-8,postThink,,,,,,0
2024-I-9,postThink,,,,,,0
2024-II-1,postThink,,,,,,0
2024-II-10,postThink,,,,,,0
2024-II-11,postThink,,,,,,0
2024-II-12,postThink,,,,,,0
2024-II-13,postThink,,,,,,0
2024-II-14,postThink,,,,,,0
2024-II-15,postThink,,,,,,0
2024-II-2,postThink,,,,,,0
2024-II-3,postThink,,,,,,0
2024-II-4,postThink,,,,,,0
2024-II-5,postThink,,,,,,0
2024-II-6,postThink,,,,,,0
2024-II-7,postThink,,,,,,0
2024-II-8,postThink,,,,,,0
2024-II-9,postThink,,,,,,0
21,postThink,,,,,,0
22,postThink,,,,,,0
23,postThink,,,,,,0
24,postThink,,,,,,0
25,postThink,,,,,,0
26,postThink,,,,,,0
27,postThink,,,,,,0
28,postThink,,,,,,0
29,postThink,,,,,,0
3,postThink,,,,,,0
4,postThink,,,,,,0
5,postThink,,,,,,0
6,postThink,,,,,,0
7,postThink,,,,,,0
8,postThink,,,,,,0
9,postThink,,,,,,0
0,answer_only,,,,,,0
1,answer_only,,,,,,0
10,answer_only,,,,,,0
11,answer_only,,,,,,0
12,answer_only,,,,,,0
13,answer_only,,,,,,0
14,answer_only,,,,,,0
15,answer_only,,,,,,0
16,answer_only,,,,,,0
17,answer_only,,,,,,0
18,answer_only,,,,,,0
19,answer_only,,,,,,0
2,answer_only,,,,,,0
20,answer_only,,,,,,0
2024-I-1,answer_only,,,,,,0
2024-I-10,answer_only,,,,,,0
2024-I-11,answer_only,,,,,,0
2024-I-12,answer_only,,,,,,0
2024-I-13,answer_only,,,,,,0
2024-I-14,answer_only,,,,,,0
2024-I-15,answer_only,,,,,,0
2024-I-2,answer_only,,,,,,0
2024-I-3,answer_only,,,,,,0
2024-I-4,answer_only,,,,,,0
2024-I-5,answer_only,,,,,,0
2024-I-6,answer_only,,,,,,0
2024-I-7,answer_only,,,,,,0
2024-I-8,answer_only,,,,,,0
2024-I-9,answer_only,,,,,,0
2024-II-1,answer_only,,,,,,0
2024-II-10,answer_only,,,,,,0
2024-II-11,answer_only,,,,,,0
2024-II-12,answer_only,,,,,,0
2024-II-13,answer_only,,,,,,0
2024-II-14,answer_only,,,,,,0
2024-II-15,answer_only,,,,,,0
2024-II-2,answer_only,,,,,,0
2024-II-3,answer_only,,,,,,0
2024-II-4,answer_only,,,,,,0
2024-II-5,answer_only,,,,,,0
2024-II-6,answer_only,,,,,,0
2024-II-7,answer_only,,,,,,0
2024-II-8,answer_only,,,,,,0
2024-II-9,answer_only,,,,,,0
21,answer_only,,,,,,0
22,answer_only,,,,,,0
23,answer_only,,,,,,0
24,answer_only,,,,,,0
25,answer_only,,,,,,0
26,answer_only,,,,,,0
27,answer_only,,,,,,0
28,answer_only,,,,,,0
29,answer_only,,,,,,0
3,answer_only,,,,,,0
4,answer_only,,,,,,0
5,answer_only,,,,,,0
6,answer_only,,,,,,0
7,answer_only,,,,,,0
8,answer_only,,,,,,0
9,answer_only,,,,,,0
0,backtracking,0.08669476219145093,0.0915707912655553,0.07451456310679612,0.11780610274237158,,1
1,backtracking,0.12299854439592431,0.19293325855300056,0.15659955257270694,0.08253094910591471,,1
10,backtracking,0.06600467289719626,0.15356901598739023,0.03111111111111111,0.055751507566276025,,1
11,backtracking,0.0480747829957712,0.06557074251939417,0.16395376267987732,0.07520412548345509,,1
12,backtracking,0.017627810421871153,0.027408486614460024,0.036835468241853055,0.021981522777954763,,1
13,backtracking,0.051730806420421584,0.062146892655367235,0.04160636758321273,0.10779634049323787,,1
14,backtracking,0.018535869963743023,0.022187156314254292,0.047570776916950254,0.033782397592833205,,1
15,backtracking,0.08509354254677128,0.1114040870138431,0.06765188834154351,0.08656368405712621,,1
16,backtracking,0.1461187214611872,0.11702954898911352,0.13667610190052568,0.10088728228721656,,1
17,backtracking,0.034725151131730636,0.038712340074288074,0.05915883531042983,0.026094212243040277,,1
18,backtracking,0.10396937336288535,0.07577497129735936,0.114540059347181,0.10343805572021339,,1
19,backtracking,0.031776447105788426,0.037125367676285874,0.03511777301927195,0.04687018193031144,,1
2,backtracking,0.02747645339395908,0.02893091237851277,0.04338967702988228,0.021355208298023797,,1
20,backtracking,0.07081700769119141,0.0710405348934392,0.013571736320551486,0.20419790104947527,,1
2024-I-1,backtracking,0.1297200102748523,0.13075684380032207,0.19250985545335086,0.32578486875965,,1
2024-I-10,backtracking,0.03595455224996263,0.05957611785991212,0.018870292887029287,0.05883205332560498,,1
2024-I-11,backtracking,0.01977715877437326,0.02991218441273326,0.030750088873089228,0.019280083578687435,,1
2024-I-12,backtracking,0.023418893887271766,0.026882898677770474,0.060045008183306055,0.037314242325631845,,1
2024-I-13,backtracking,0.031766008860249696,0.07372822299651569,0.049974459390430784,0.1481931369571819,,1
2024-I-14,backtracking,0.027835420393559927,0.018715633355193464,0.05418250950570342,0.0651685393258427,,1
2024-I-15,backtracking,0.020042150502086863,0.04285714285714286,0.05303127815677693,0.09353564747453752,,1
2024-I-2,backtracking,0.07902326475677754,0.20277227722772279,0.08442829186469109,0.06602603843769374,,1
2024-I-3,backtracking,0.11973449068164412,0.27729257641921395,0.1317728651928912,0.24919540229885057,,1
2024-I-4,backtracking,0.16289592760180996,0.22464503042596348,0.2634498058790904,0.33666666666666667,,1
2024-I-5,backtracking,0.02656371750371892,0.03354721718510253,0.0916774101131643,0.059766963673749146,,1
2024-I-6,backtracking,0.08463681165631026,0.2199563000728332,0.3108108108108108,0.05948528278625366,,1
2024-I-7,backtracking,0.09009332376166547,0.09773013871374527,0.15017921146953406,0.17982129560685034,,1
2024-I-8,backtracking,0.03174496644295302,0.02430364248546067,0.025906735751295335,0.049281314168377825,,1
2024-I-9,backtracking,0.046597544988678345,0.09665666523789113,0.1391941391941392,0.07308560870457811,,1
2024-II-1,backtracking,0.08456189151599444,0.21298076923076922,0.08873873873873873,0.26227208976157085,,1
2024-II-10,backtracking,0.07108650104759054,0.03967065868263473,0.05403584422584557,0.13361256544502617,,1
2024-II-11,backtracking,0.024301752464403067,0.05795847750865052,0.05408027161392021,0.030050475407911725,,1
2024-II-12,backtracking,0.06317411402157165,0.14505893019038985,0.14058144165671047,0.1482782853127196,,1
2024-II-13,backtracking,0.059001512859304085,0.0932543474106631,0.09713932908005762,0.12315010570824525,,1
2024-II-14,backtracking,0.028119173547429703,0.02486874827300359,0.036713085510415466,0.108,,1
2024-II-15,backtracking,0.026404142718943834,0.026330806228091627,0.01265625,0.02828769184471863,,1
2024-II-2,backtracking,0.061094008998342414,0.11607142857142858,0.24908869987849333,0.15252454417952313,,1
2024-II-3,backtracking,0.01187572217229426,0.018916857360793286,0.01608281395515438,0.011977159834733764,,1
2024-II-4,backtracking,0.11220682302771855,0.12286874154262517,0.10010077258985556,0.15606758832565285,,1
2024-II-5,backtracking,0.030788600206020374,0.08073794881967863,0.06563965170797052,0.05797604582537754,,1
2024-II-6,backtracking,0.01959375,0.019625,0.021608161298096232,0.02822360248447205,,1
2024-II-7,backtracking,0.07172596517789553,0.048723597252818454,0.07834308869878433,0.07548457548457549,,1
2024-II-8,backtracking,0.025480790388593057,0.031405189899979015,0.03441069935915297,0.019030689601087468,,1
2024-II-9,backtracking,0.030526692941597995,0.0782122905027933,0.07098816863856024,0.07335907335907337,,1
21,backtracking,0.03814884302689181,0.1455902047063325,0.05354831116864776,0.15792141951837768,,1
22,backtracking,0.03532949135554999,0.06158145311529704,0.02227298686464877,0.06381192275398824,,1
23,backtracking,0.03973000683526999,0.21407528641571194,0.1576888353897081,0.1169549191947831,,1
24,backtracking,0.03082437275985663,0.07245575221238938,0.11887254901960784,0.13498049414824448,,1
25,backtracking,0.0235838779956427,0.04652260073605737,0.0321909831974713,0.1313821138211382,,1
26,backtracking,0.051698670605613,0.08627939573275191,0.12857142857142856,0.061361457334611694,,1
27,backtracking,0.017828123506356944,0.018744842221086966,0.04597938144329897,0.058880994671403196,,1
28,backtracking,0.0404707668944571,0.07946554149085795,0.057910547396528705,0.08903225806451613,,1
29,backtracking,0.012167050312397237,0.018810424548129465,0.025555481417228264,0.01820878727430822,,1
3,backtracking,0.11685571089422316,0.05293853746074473,0.1771674744211093,0.09017912291537987,,1
4,backtracking,0.03337831119948867,0.009875,0.032570836863409586,0.040366319907530895,,1
5,backtracking,0.029089755117152376,0.03023888720895071,0.01852105287167556,0.029631357909472703,,1
6,backtracking,0.0429484963705496,0.08174235403151066,0.09340382678751259,0.10040245710654522,,1
7,backtracking,0.022093444404201378,0.02560512102420484,0.04759729581582313,0.02882558270465038,,1
8,backtracking,0.11011133140155559,0.11532592108131677,0.15001051967178625,0.15433147294346033,,1
9,backtracking,0.02027667235171499,0.048520544103211334,0.01893491124260355,0.039584759297284965,,1
0,base_sum,,0.17942248388001122,0.10345911949685535,0.09105180533751962,,1
1,base_sum,,0.08864,0.13198900091659027,0.1283542039355993,,1
10,base_sum,,0.02065625,0.0159375,0.014608569878864582,,1
11,base_sum,,0.14521800281293953,0.07422547332185886,0.0154375,,1
12,base_sum,,0.13084702907711757,0.07270375161707633,0.13019658395101516,,1
13,base_sum,,0.03437792329279701,0.1036764705882353,0.11474178403755869,,1
14,base_sum,,0.01746109545398848,0.010210276505325902,0.017758353618057093,,1
15,base_sum,,0.028819068255687974,0.07094133697135062,0.10400217805608494,,1
16,base_sum,,0.0750771340418238,0.07318087318087318,0.10680576254346746,,1
17,base_sum,,0.022069839806384696,0.01994467899257534,0.0131875,,1
18,base_sum,,0.1525987525987526,0.06636500754147813,0.05702527924750147,,1
19,base_sum,,0.036001190121987506,0.04187385501177702,0.028357125574643115,,1
2,base_sum,,0.03548108907231736,0.016341789052069428,0.021904566022213082,,1
20,base_sum,,0.03697294803022438,0.034175863296546816,0.02541076298809286,,1
2024-I-1,base_sum,,0.21105354058721934,0.21907110563090834,0.28430049482681063,,1
2024-I-10,base_sum,,0.03854412712046382,0.022360852304950173,0.04301798017139977,,1
2024-I-11,base_sum,,0.03217049002307588,0.02788220551378446,0.024442216094259214,,1
2024-I-12,base_sum,,0.05943369778525372,0.0552319309600863,0.044,,1
2024-I-13,base_sum,,0.047411104179663134,0.024025233205825114,0.036016781445420726,,1
2024-I-14,base_sum,,0.0233451536643026,0.013255802493470656,0.028800258878731493,,1
2024-I-15,base_sum,,0.042687625211897055,0.07997630331753554,0.05028962611901001,,1
2024-I-2,base_sum,,0.02480144907342901,0.0827433628318584,0.053229974160206715,,1
2024-I-3,base_sum,,0.15191986644407346,0.20939017808958446,0.20376016260162602,,1
2024-I-4,base_sum,,0.33604336043360433,0.28802588996763756,0.3315128345166576,,1
2024-I-5,base_sum,,0.02235614307931571,0.03500269251480883,0.01135599551737019,,1
2024-I-6,base_sum,,0.12876530950016551,0.07082294264339152,0.12614594792812614,,1
2024-I-7,base_sum,,0.18604651162790697,0.09388528138528139,0.09385113268608414,,1
2024-I-8,base_sum,,0.015641727132151777,0.018383425736796032,0.018272811918063316,,1
2024-I-9,base_sum,,0.034514216207997564,0.1838185511171293,0.09473940574768631,,1
2024-II-1,base_sum,,0.18271045677614195,0.13241525423728814,0.1440886699507389,,1
2024-II-10,base_sum,,0.05885032340348,0.09970521935148258,0.20480668756530826,,1
2024-II-11,base_sum,,0.025480299576685118,0.04454458791923044,0.11622774753567751,,1
2024-II-12,base_sum,,0.10511928429423459,0.13531239212978943,0.2314502529510961,,1
2024-II-13,base_sum,,0.08070519098922625,0.10978578383641675,0.12293274531422271,,1
2024-II-14,base_sum,,0.055039313795568263,0.03809456498692487,0.12732919254658384,,1
2024-II-15,base_sum,,0.02647962148252677,0.02731478082091196,0.01984375,,1
2024-II-2,base_sum,,0.06583774969425193,0.0912142152023692,0.07838179519595449,,1
2024-II-3,base_sum,,0.028886168910648716,0.013850720017588216,0.0508136168513527,,1
2024-II-4,base_sum,,0.09654255319148936,0.08249686323713927,0.1502165488944609,,1
2024-II-5,base_sum,,0.038498326159732185,0.0801610541727672,0.03072235622698997,,1
2024-II-6,base_sum,,0.028549877427871018,0.01634886311513007,0.040498092887592554,,1
2024-II-7,base_sum,,0.0198400586044808,0.03733121525019857,0.037827557058326286,,1
2024-II-8,base_sum,,0.02232957066101444,0.013988273856239325,0.019015434278220517,,1
2024-II-9,base_sum,,0.03241296518607443,0.06888531043120415,0.07676130389064142,,1
21,base_sum,,0.043164134864764725,0.04239802224969098,0.08085958841741031,,1
22,base_sum,,0.033922558922558924,0.029595701576675768,0.057086910679319175,,1
23,base_sum,,0.05966334714021327,0.1342522658610272,0.15367103016505407,,1
24,base_sum,,0.08180708180708181,0.011937514572161342,0.040579207491546,,1
25,base_sum,,0.062066974595842955,0.07659574468085106,0.03994473056148725,,1
26,base_sum,,0.08011623080116231,0.042083685035572166,0.12029623698959167,,1
27,base_sum,,0.031991051454138705,0.022001660502679446,0.014074146724205571,,1
28,base_sum,,0.012273429244899619,0.07202360291565428,0.0336687306501548,,1
29,base_sum,,0.01706115583323321,0.025322782174094127,0.02725844461901021,,1
3,base_sum,,0.1170547514159849,0.15226899945325315,0.11530880420499343,,1
4,base_sum,,0.05211612451906261,0.023821665331099293,0.0445588672145757,,1
5,base_sum,,0.032809889742733044,0.03765139547130068,0.015560956146396314,,1
6,base_sum,,0.11673151750972763,0.15878546540567445,0.06465734972217545,,1
7,base_sum,,0.06405959031657356,0.04919336514428539,0.049782653694887186,,1
8,base_sum,,0.12365725705720709,0.20875912408759123,0.14998914695029303,,1
9,base_sum,,0.05741529722053155,0.028575877910145604,0.11123323807430205,,1
0,firstk,,,,,,1
1,firstk,,,,,,1
10,firstk,,,,,,1
11,firstk,,,,,,1
12,firstk,,,,,,1
13,firstk,,,,,,1
14,firstk,,,,,,1
15,firstk,,,,,,1
16,firstk,,,,,,1
17,firstk,,,,,,1
18,firstk,,,,,,1
19,firstk,,,,,,1
2,firstk,,,,,,1
20,firstk,,,,,,1
2024-I-1,firstk,,,,,,1
2024-I-10,firstk,,,,,,1
2024-I-11,firstk,,,,,,1
2024-I-12,firstk,,,,,,1
2024-I-13,firstk,,,,,,1
2024-I-14,firstk,,,,,,1
2024-I-15,firstk,,,,,,1
2024-I-2,firstk,,,,,,1
2024-I-3,firstk,,,,,,1
2024-I-4,firstk,,,,,,1
2024-I-5,firstk,,,,,,1
2024-I-6,firstk,,,,,,1
2024-I-7,firstk,,,,,,1
2024-I-8,firstk,,,,,,1
2024-I-9,firstk,,,,,,1
2024-II-1,firstk,,,,,,1
2024-II-10,firstk,,,,,,1
2024-II-11,firstk,,,,,,1
2024-II-12,firstk,,,,,,1
2024-II-13,firstk,,,,,,1
2024-II-14,firstk,,,,,,1
2024-II-15,firstk,,,,,,1
2024-II-2,firstk,,,,,,1
2024-II-3,firstk,,,,,,1
2024-II-4,firstk,,,,,,1
2024-II-5,firstk,,,,,,1
2024-II-6,firstk,,,,,,1
2024-II-7,firstk,,,,,,1
2024-II-8,firstk,,,,,,1
2024-II-9,firstk,,,,,,1
21,firstk,,,,,,1
22,firstk,,,,,,1
23,firstk,,,,,,1
24,firstk,,,,,,1
25,firstk,,,,,,1
26,firstk,,,,,,1
27,firstk,,,,,,1
28,firstk,,,,,,1
29,firstk,,,,,,1
3,firstk,,,,,,1
4,firstk,,,,,,1
5,firstk,,,,,,1
6,firstk,,,,,,1
7,firstk,,,,,,1
8,firstk,,,,,,1
9,firstk,,,,,,1
0,lastk,,,,,,1
1,lastk,,,,,,1
10,lastk,,,,,,1
11,lastk,,,,,,1
12,lastk,,,,,,1
13,lastk,,,,,,1
14,lastk,,,,,,1
15,lastk,,,,,,1
16,lastk,,,,,,1
17,lastk,,,,,,1
18,lastk,,,,,,1
19,lastk,,,,,,1
2,lastk,,,,,,1
20,lastk,,,,,,1
2024-I-1,lastk,,,,,,1
2024-I-10,lastk,,,,,,1
2024-I-11,lastk,,,,,,1
2024-I-12,lastk,,,,,,1
2024-I-13,lastk,,,,,,1
2024-I-14,lastk,,,,,,1
2024-I-15,lastk,,,,,,1
2024-I-2,lastk,,,,,,1
2024-I-3,lastk,,,,,,1
2024-I-4,lastk,,,,,,1
2024-I-5,lastk,,,,,,1
2024-I-6,lastk,,,,,,1
2024-I-7,lastk,,,,,,1
2024-I-8,lastk,,,,,,1
2024-I-9,lastk,,,,,,1
2024-II-1,lastk,,,,,,1
2024-II-10,lastk,,,,,,1
2024-II-11,lastk,,,,,,1
2024-II-12,lastk,,,,,,1
2024-II-13,lastk,,,,,,1
2024-II-14,lastk,,,,,,1
2024-II-15,lastk,,,,,,1
2024-II-2,lastk,,,,,,1
2024-II-3,lastk,,,,,,1
2024-II-4,lastk,,,,,,1
2024-II-5,lastk,,,,,,1
2024-II-6,lastk,,,,,,1
2024-II-7,lastk,,,,,,1
2024-II-8,lastk,,,,,,1
2024-II-9,lastk,,,,,,1
21,lastk,,,,,,1
22,lastk,,,,,,1
23,lastk,,,,,,1
24,lastk,,,,,,1
25,lastk,,,,,,1
26,lastk,,,,,,1
27,lastk,,,,,,1
28,lastk,,,,,,1
29,lastk,,,,,,1
3,lastk,,,,,,1
4,lastk,,,,,,1
5,lastk,,,,,,1
6,lastk,,,,,,1
7,lastk,,,,,,1
8,lastk,,,,,,1
9,lastk,,,,,,1
0,postThink,,,,,,1
1,postThink,,,,,,1
10,postThink,,,,,,1
11,postThink,,,,,,1
12,postThink,,,,,,1
13,postThink,,,,,,1
14,postThink,,,,,,1
15,postThink,,,,,,1
16,postThink,,,,,,1
17,postThink,,,,,,1
18,postThink,,,,,,1
19,postThink,,,,,,1
2,postThink,,,,,,1
20,postThink,,,,,,1
2024-I-1,postThink,,,,,,1
2024-I-10,postThink,,,,,,1
2024-I-11,postThink,,,,,,1
2024-I-12,postThink,,,,,,1
2024-I-13,postThink,,,,,,1
2024-I-14,postThink,,,,,,1
2024-I-15,postThink,,,,,,1
2024-I-2,postThink,,,,,,1
2024-I-3,postThink,,,,,,1
2024-I-4,postThink,,,,,,1
2024-I-5,postThink,,,,,,1
2024-I-6,postThink,,,,,,1
2024-I-7,postThink,,,,,,1
2024-I-8,postThink,,,,,,1
2024-I-9,postThink,,,,,,1
2024-II-1,postThink,,,,,,1
2024-II-10,postThink,,,,,,1
2024-II-11,postThink,,,,,,1
2024-II-12,postThink,,,,,,1
2024-II-13,postThink,,,,,,1
2024-II-14,postThink,,,,,,1
2024-II-15,postThink,,,,,,1
2024-II-2,postThink,,,,,,1
2024-II-3,postThink,,,,,,1
2024-II-4,postThink,,,,,,1
2024-II-5,postThink,,,,,,1
2024-II-6,postThink,,,,,,1
2024-II-7,postThink,,,,,,1
2024-II-8,postThink,,,,,,1
2024-II-9,postThink,,,,,,1
21,postThink,,,,,,1
22,postThink,,,,,,1
23,postThink,,,,,,1
24,postThink,,,,,,1
25,postThink,,,,,,1
26,postThink,,,,,,1
27,postThink,,,,,,1
28,postThink,,,,,,1
29,postThink,,,,,,1
3,postThink,,,,,,1
4,postThink,,,,,,1
5,postThink,,,,,,1
6,postThink,,,,,,1
7,postThink,,,,,,1
8,postThink,,,,,,1
9,postThink,,,,,,1
0,answer_only,,,,,,1
1,answer_only,,,,,,1
10,answer_only,,,,,,1
11,answer_only,,,,,,1
12,answer_only,,,,,,1
13,answer_only,,,,,,1
14,answer_only,,,,,,1
15,answer_only,,,,,,1
16,answer_only,,,,,,1
17,answer_only,,,,,,1
18,answer_only,,,,,,1
19,answer_only,,,,,,1
2,answer_only,,,,,,1
20,answer_only,,,,,,1
2024-I-1,answer_only,,,,,,1
2024-I-10,answer_only,,,,,,1
2024-I-11,answer_only,,,,,,1
2024-I-12,answer_only,,,,,,1
2024-I-13,answer_only,,,,,,1
2024-I-14,answer_only,,,,,,1
2024-I-15,answer_only,,,,,,1
2024-I-2,answer_only,,,,,,1
2024-I-3,answer_only,,,,,,1
2024-I-4,answer_only,,,,,,1
2024-I-5,answer_only,,,,,,1
2024-I-6,answer_only,,,,,,1
2024-I-7,answer_only,,,,,,1
2024-I-8,answer_only,,,,,,1
2024-I-9,answer_only,,,,,,1
2024-II-1,answer_only,,,,,,1
2024-II-10,answer_only,,,,,,1
2024-II-11,answer_only,,,,,,1
2024-II-12,answer_only,,,,,,1
2024-II-13,answer_only,,,,,,1
2024-II-14,answer_only,,,,,,1
2024-II-15,answer_only,,,,,,1
2024-II-2,answer_only,,,,,,1
2024-II-3,answer_only,,,,,,1
2024-II-4,answer_only,,,,,,1
2024-II-5,answer_only,,,,,,1
2024-II-6,answer_only,,,,,,1
2024-II-7,answer_only,,,,,,1
2024-II-8,answer_only,,,,,,1
2024-II-9,answer_only,,,,,,1
21,answer_only,,,,,,1
22,answer_only,,,,,,1
23,answer_only,,,,,,1
24,answer_only,,,,,,1
25,answer_only,,,,,,1
26,answer_only,,,,,,1
27,answer_only,,,,,,1
28,answer_only,,,,,,1
29,answer_only,,,,,,1
3,answer_only,,,,,,1
4,answer_only,,,,,,1
5,answer_only,,,,,,1
6,answer_only,,,,,,1
7,answer_only,,,,,,1
8,answer_only,,,,,,1
9,answer_only,,,,,,1
0,backtracking,0.116751269035533,0.1125,0.08056192660550458,0.11848574237954769,,2
1,backtracking,0.11557262569832402,0.2121982210927573,0.21884200196270853,0.18109499298081422,,2
10,backtracking,0.01934651762682717,0.03507995701915176,0.03328941589811155,0.039404905508644957,,2
11,backtracking,0.019715639810426542,0.07289024184001353,0.021251328208013003,0.05004990731498645,,2
12,backtracking,0.02049217407038813,0.02276768075859344,0.017452209581301757,0.03087384711583555,,2
13,backtracking,0.044533169533169534,0.03529647703723511,0.04109912605306669,0.026656421774336546,,2
14,backtracking,0.019624636925597676,0.025335775335775336,0.021641284912756645,0.033545363240709745,,2
15,backtracking,0.08050632911392405,0.12577881619937695,0.20704012112036335,0.09613983976693372,,2
16,backtracking,0.1513370555392301,0.18818272095332672,0.1698880976602238,0.18596491228070175,,2
17,backtracking,0.02416206261510129,0.0083125,0.03840486277399153,0.03624293531891989,,2
18,backtracking,0.14507007622326037,0.12504570383912247,0.18307692307692308,0.21469127040454222,,2
19,backtracking,0.030541444678478503,0.04321114069219742,0.03567318757192175,0.026768763447664854,,2
2,backtracking,0.026873929653537083,0.020434290216160323,0.08052690443643594,0.0406866464339909,,2
20,backtracking,0.024080198429102934,0.037868809272918864,0.06049055352999669,0.024220826286542645,,2
2024-I-1,backtracking,0.0936655079181151,0.16411682892906815,0.12372689551112788,0.2793759141882009,,2
2024-I-10,backtracking,0.05603917301414581,0.00846875,0.016012954300107952,0.06194602131261827,,2
2024-I-11,backtracking,0.017731787218553376,0.03371447788801076,0.045211529521152954,0.03284170299158058,,2
2024-I-12,backtracking,0.03424608565096161,0.036601974804222,0.04019607843137255,0.0826584752862329,,2
2024-I-13,backtracking,0.03651162790697674,0.10461034402059444,0.06193288203946421,0.023667177232076685,,2
2024-I-14,backtracking,0.04322548028311426,0.0661319073083779,0.08700050581689428,0.10326320309145556,,2
2024-I-15,backtracking,0.03859773371104816,0.08726534753932014,0.0583989501312336,0.15273358403239803,,2
2024-I-2,backtracking,0.05911977227939567,0.18091844813935076,0.055394115510352344,0.10046573519627412,,2
2024-I-3,backtracking,0.05409494987705693,0.1761904761904762,0.18402342116269343,0.25294788893115255,,2
2024-I-4,backtracking,0.2436849925705795,0.20498511904761904,0.21610915492957747,0.3072538860103627,,2
2024-I-5,backtracking,0.022171143992721354,0.025397001051291983,0.029884122789184793,0.0406016619333123,,2
2024-I-6,backtracking,0.08207440811724916,0.10529202083904579,0.14155792803479636,0.15512333965844402,,2
2024-I-7,backtracking,0.09348290598290598,0.1357921207041073,0.14490943160524672,0.10611263736263736,,2
2024-I-8,backtracking,0.029481060834893977,0.022937580618024787,0.027251004118155474,0.049333160688851484,,2
2024-I-9,backtracking,0.040595238095238094,0.041011563097911985,0.11698455949137149,0.10037641154328733,,2
2024-II-1,backtracking,0.05908683974932856,0.031167839877872954,0.10741444866920152,0.07450481555515173,,2
2024-II-10,backtracking,0.024742676167854315,0.05326086956521739,0.02226507713884993,0.09927175162897663,,2
2024-II-11,backtracking,0.022936763129689175,0.06996842280206082,0.39438700147710487,0.06350560702096539,,2
2024-II-12,backtracking,0.055419151175026306,0.032972112372245906,0.04613259668508287,0.11290877796901894,,2
2024-II-13,backtracking,0.07390120575651497,0.06552454962910632,0.132986412257878,0.1086336530982629,,2
2024-II-14,backtracking,0.027624820693165516,0.026684392953800862,0.03226402315128379,0.03721438172043011,,2
2024-II-15,backtracking,0.02447980416156671,0.01265625,0.018838597363839842,0.039425016812373904,,2
2024-II-2,backtracking,0.03614947197400487,0.050969193492557976,0.08974358974358974,0.13418035326929037,,2
2024-II-3,backtracking,0.08631756756756757,0.031085928159276393,0.039630760688506385,0.018178771885733434,,2
2024-II-4,backtracking,0.1596404215747055,0.20007158196134575,0.08555997725980671,0.08624354691770422,,2
2024-II-5,backtracking,0.02438128809576265,0.1697530864197531,0.08861015577584463,0.14085739282589677,,2
2024-II-6,backtracking,0.07424714434060228,0.11383601756954612,0.11640530759951749,0.2509907529722589,,2
2024-II-7,backtracking,0.0352547931382442,0.1153421633554084,0.14274385408406026,0.08550488599348534,,2
2024-II-8,backtracking,0.014483749466081622,0.015281798058913674,0.020868776227741862,0.02397238782554126,,2
2024-II-9,backtracking,0.023977759759064056,0.025525410775697362,0.035980059244274255,0.037361212415917014,,2
21,backtracking,0.04339730736178745,0.09968425800631484,0.11603721948549535,0.11398849048251439,,2
22,backtracking,0.044863890733187896,0.03331385154880187,0.03364423717521652,0.03549080041094611,,2
23,backtracking,0.11631336405529955,0.10446166176863478,0.0759579980908223,0.048123308624544066,,2
24,backtracking,0.028345250255362615,0.05070202808112324,0.05613802256138022,0.07698099002446829,,2
25,backtracking,0.033436688175647364,0.026203858423211303,0.17817479478512796,0.2053200332502078,,2
26,backtracking,0.049661105318039626,0.06357506536397413,0.02433206106870229,0.07671130021273934,,2
27,backtracking,0.022014866360904634,0.01753125,0.020450943299759702,0.01115625,,2
28,backtracking,0.052665136444784495,0.010444123936937385,0.036377512083439326,0.07872582480091013,,2
29,backtracking,0.021134202183867558,0.03039680559021712,0.03438455126424007,0.02563272354433112,,2
3,backtracking,0.1431022649279341,0.1032215647600263,0.14618211514904042,0.20508744038155802,,2
4,backtracking,0.03754089891510246,0.030632772494513533,0.029631164525486947,0.0548224945020421,,2
5,backtracking,0.03991446899501069,0.022802237200631004,0.07855860831147314,0.018935574229691877,,2
6,backtracking,0.1030071440438611,0.13772749631087064,0.02339244913502339,0.06315971621387784,,2
7,backtracking,0.019006902235500153,0.03803353658536585,0.041849602989257356,0.032676237411613455,,2
8,backtracking,0.13024408848207475,0.19476472421315053,0.24230891214716144,0.09637120761451518,,2
9,backtracking,0.027787426189649182,0.03454976015544356,0.03835988824284527,0.0834775918445855,,2
0,base_sum,,0.03660949868073879,0.04702313234736443,0.1482456140350877,,2
1,base_sum,,0.11651770936775901,0.12229437229437229,0.16216216216216217,,2
10,base_sum,,0.03817468105986261,0.029955494693598084,0.04306949561682124,,2
11,base_sum,,0.019884088017716628,0.02586206896551724,0.06480721903199343,,2
12,base_sum,,0.03743416102332581,0.03436772692009309,0.030971543546996265,,2
13,base_sum,,0.03825995807127883,0.045112099482617775,0.03597697473616885,,2
14,base_sum,,0.015479210560261426,0.03437557140245017,0.0197299499476196,,2
15,base_sum,,0.07578209277238404,0.09286971830985916,0.08330476516969489,,2
16,base_sum,,0.1419841840402588,0.07712884529647793,0.2792689891490577,,2
17,base_sum,,0.021722082810539525,0.021599264705882353,0.018893304799755428,,2
18,base_sum,,0.17148014440433212,0.14761447326288824,0.08527648234510327,,2
19,base_sum,,0.03327719379754922,0.04312598013591218,0.042313229883218687,,2
2,base_sum,,0.020782918149466194,0.040846097738876735,0.013033175355450236,,2
20,base_sum,,0.04167837407511473,0.10539478385137549,0.0269201603293251,,2
2024-I-1,base_sum,,0.07102741988767756,0.09547950992817913,0.18740206831714196,,2
2024-I-10,base_sum,,0.021741685274415324,0.040182040182040184,0.04817518248175182,,2
2024-I-11,base_sum,,0.032228954492716254,0.028587007322012775,0.027625950570342204,,2
2024-I-12,base_sum,,0.016399474375821288,0.028463629806358543,0.0310399717014503,,2
2024-I-13,base_sum,,0.054842615012106535,0.07513244501525125,0.06057222609909281,,2
2024-I-14,base_sum,,0.07686274509803921,0.12021419009370816,0.11672249420252512,,2
2024-I-15,base_sum,,0.09489207095533234,0.10790273556231003,0.12479280132607151,,2
2024-I-2,base_sum,,0.09393428812131424,0.08333333333333333,0.03715670436187399,,2
2024-I-3,base_sum,,0.15377906976744185,0.2054590570719603,0.0876923076923077,,2
2024-I-4,base_sum,,0.18852844381758346,0.1411439114391144,0.16309931506849315,,2
2024-I-5,base_sum,,0.09049005337214944,0.054409005628517824,0.0341007819287576,,2
2024-I-6,base_sum,,0.07939508506616257,0.25342118601115055,0.09398392015525367,,2
2024-I-7,base_sum,,0.06307339449541284,0.0980891719745223,0.07887243735763098,,2
2024-I-8,base_sum,,0.023747487530707958,0.014653865588681153,0.03093136834889898,,2
2024-I-9,base_sum,,0.04438722966014418,0.05719921104536489,0.06102770657878677,,2
2024-II-1,base_sum,,0.03562371694239826,0.11228553921568628,0.014963907476684756,,2
2024-II-10,base_sum,,0.049059139784946235,0.08111042183622828,0.032353578392431574,,2
2024-II-11,base_sum,,0.027226027397260273,0.0574031487705643,0.06520644511581067,,2
2024-II-12,base_sum,,0.13538728574528097,0.16676792223572295,0.23254564983888293,,2
2024-II-13,base_sum,,0.1232409381663113,0.19312933025404158,0.12639296187683285,,2
2024-II-14,base_sum,,0.023745837654893825,0.01760831578475738,0.024832724011864524,,2
2024-II-15,base_sum,,0.02192960243099519,0.024396077493422628,0.01396875,,2
2024-II-2,base_sum,,0.06482106684672519,0.13336638572136836,0.10830618892508144,,2
2024-II-3,base_sum,,0.0539136664875515,0.07755605842419255,0.10348226018396846,,2
2024-II-4,base_sum,,0.07988862711501392,0.12007922753156722,0.10306014773126979,,2
2024-II-5,base_sum,,0.032795698924731186,0.050457858344234725,0.017687661777394306,,2
2024-II-6,base_sum,,0.06445904954499494,0.1937888198757764,0.10008779631255488,,2
2024-II-7,base_sum,,0.14861641221374045,0.07675675675675675,0.140365278062795,,2
2024-II-8,base_sum,,0.03917784425359452,0.051324342679732224,0.021537261022239563,,2
2024-II-9,base_sum,,0.033440773569701855,0.02623445698267807,0.07521645021645022,,2
21,base_sum,,0.03780046933468637,0.08055363321799308,0.05808529542425589,,2
22,base_sum,,0.034336091562910835,0.06776283009466866,0.10336749633967789,,2
23,base_sum,,0.12677850923763007,0.1453260015710919,0.14803574439386274,,2
24,base_sum,,0.025384935497295046,0.08080808080808081,0.0220462850182704,,2
25,base_sum,,0.04001191421763304,0.05420235546038544,0.07500324970752632,,2
26,base_sum,,0.02989705260188972,0.05310186367117692,0.034858387799564274,,2
27,base_sum,,0.019801980198019802,0.020593973553002385,0.01384375,,2
28,base_sum,,0.08073993471164309,0.0395335046451868,0.025411318804375915,,2
29,base_sum,,0.024002000166680557,0.04538690476190476,0.02352631924820924,,2
3,base_sum,,0.06162117452440033,0.18009950248756218,0.20894454382826474,,2
4,base_sum,,0.043577483155835685,0.057741703482995996,0.06200166607164108,,2
5,base_sum,,0.041047467897850236,0.07792380193813886,0.017647593923405803,,2
6,base_sum,,0.05377662019304428,0.07431144985276286,0.13564593301435407,,2
7,base_sum,,0.03371833084947839,0.08287197231833911,0.08828287497111162,,2
8,base_sum,,0.19357589539511086,0.11348088531187123,0.22026741731175228,,2
9,base_sum,,0.08658327201373558,0.06951759005687803,0.10897173289635395,,2
0,firstk,,,,,,2
1,firstk,,,,,,2
10,firstk,,,,,,2
11,firstk,,,,,,2
12,firstk,,,,,,2
13,firstk,,,,,,2
14,firstk,,,,,,2
15,firstk,,,,,,2
16,firstk,,,,,,2
17,firstk,,,,,,2
18,firstk,,,,,,2
19,firstk,,,,,,2
2,firstk,,,,,,2
20,firstk,,,,,,2
2024-I-1,firstk,,,,,,2
2024-I-10,firstk,,,,,,2
2024-I-11,firstk,,,,,,2
2024-I-12,firstk,,,,,,2
2024-I-13,firstk,,,,,,2
2024-I-14,firstk,,,,,,2
2024-I-15,firstk,,,,,,2
2024-I-2,firstk,,,,,,2
2024-I-3,firstk,,,,,,2
2024-I-4,firstk,,,,,,2
2024-I-5,firstk,,,,,,2
2024-I-6,firstk,,,,,,2
2024-I-7,firstk,,,,,,2
2024-I-8,firstk,,,,,,2
2024-I-9,firstk,,,,,,2
2024-II-1,firstk,,,,,,2
2024-II-10,firstk,,,,,,2
2024-II-11,firstk,,,,,,2
2024-II-12,firstk,,,,,,2
2024-II-13,firstk,,,,,,2
2024-II-14,firstk,,,,,,2
2024-II-15,firstk,,,,,,2
2024-II-2,firstk,,,,,,2
2024-II-3,firstk,,,,,,2
2024-II-4,firstk,,,,,,2
2024-II-5,firstk,,,,,,2
2024-II-6,firstk,,,,,,2
2024-II-7,firstk,,,,,,2
2024-II-8,firstk,,,,,,2
2024-II-9,firstk,,,,,,2
21,firstk,,,,,,2
22,firstk,,,,,,2
23,firstk,,,,,,2
24,firstk,,,,,,2
25,firstk,,,,,,2
26,firstk,,,,,,2
27,firstk,,,,,,2
28,firstk,,,,,,2
29,firstk,,,,,,2
3,firstk,,,,,,2
4,firstk,,,,,,2
5,firstk,,,,,,2
6,firstk,,,,,,2
7,firstk,,,,,,2
8,firstk,,,,,,2
9,firstk,,,,,,2
0,lastk,,,,,,2
1,lastk,,,,,,2
10,lastk,,,,,,2
11,lastk,,,,,,2
12,lastk,,,,,,2
13,lastk,,,,,,2
14,lastk,,,,,,2
15,lastk,,,,,,2
16,lastk,,,,,,2
17,lastk,,,,,,2
18,lastk,,,,,,2
19,lastk,,,,,,2
2,lastk,,,,,,2
20,lastk,,,,,,2
2024-I-1,lastk,,,,,,2
2024-I-10,lastk,,,,,,2
2024-I-11,lastk,,,,,,2
2024-I-12,lastk,,,,,,2
2024-I-13,lastk,,,,,,2
2024-I-14,lastk,,,,,,2
2024-I-15,lastk,,,,,,2
2024-I-2,lastk,,,,,,2
2024-I-3,lastk,,,,,,2
2024-I-4,lastk,,,,,,2
2024-I-5,lastk,,,,,,2
2024-I-6,lastk,,,,,,2
2024-I-7,lastk,,,,,,2
2024-I-8,lastk,,,,,,2
2024-I-9,lastk,,,,,,2
2024-II-1,lastk,,,,,,2
2024-II-10,lastk,,,,,,2
2024-II-11,lastk,,,,,,2
2024-II-12,lastk,,,,,,2
2024-II-13,lastk,,,,,,2
2024-II-14,lastk,,,,,,2
2024-II-15,lastk,,,,,,2
2024-II-2,lastk,,,,,,2
2024-II-3,lastk,,,,,,2
2024-II-4,lastk,,,,,,2
2024-II-5,lastk,,,,,,2
2024-II-6,lastk,,,,,,2
2024-II-7,lastk,,,,,,2
2024-II-8,lastk,,,,,,2
2024-II-9,lastk,,,,,,2
21,lastk,,,,,,2
22,lastk,,,,,,2
23,lastk,,,,,,2
24,lastk,,,,,,2
25,lastk,,,,,,2
26,lastk,,,,,,2
27,lastk,,,,,,2
28,lastk,,,,,,2
29,lastk,,,,,,2
3,lastk,,,,,,2
4,lastk,,,,,,2
5,lastk,,,,,,2
6,lastk,,,,,,2
7,lastk,,,,,,2
8,lastk,,,,,,2
9,lastk,,,,,,2
0,postThink,,,,,,2
1,postThink,,,,,,2
10,postThink,,,,,,2
11,postThink,,,,,,2
12,postThink,,,,,,2
13,postThink,,,,,,2
14,postThink,,,,,,2
15,postThink,,,,,,2
16,postThink,,,,,,2
17,postThink,,,,,,2
18,postThink,,,,,,2
19,postThink,,,,,,2
2,postThink,,,,,,2
20,postThink,,,,,,2
2024-I-1,postThink,,,,,,2
2024-I-10,postThink,,,,,,2
2024-I-11,postThink,,,,,,2
2024-I-12,postThink,,,,,,2
2024-I-13,postThink,,,,,,2
2024-I-14,postThink,,,,,,2
2024-I-15,postThink,,,,,,2
2024-I-2,postThink,,,,,,2
2024-I-3,postThink,,,,,,2
2024-I-4,postThink,,,,,,2
2024-I-5,postThink,,,,,,2
2024-I-6,postThink,,,,,,2
2024-I-7,postThink,,,,,,2
2024-I-8,postThink,,,,,,2
2024-I-9,postThink,,,,,,2
2024-II-1,postThink,,,,,,2
2024-II-10,postThink,,,,,,2
2024-II-11,postThink,,,,,,2
2024-II-12,postThink,,,,,,2
2024-II-13,postThink,,,,,,2
2024-II-14,postThink,,,,,,2
2024-II-15,postThink,,,,,,2
2024-II-2,postThink,,,,,,2
2024-II-3,postThink,,,,,,2
2024-II-4,postThink,,,,,,2
2024-II-5,postThink,,,,,,2
2024-II-6,postThink,,,,,,2
2024-II-7,postThink,,,,,,2
2024-II-8,postThink,,,,,,2
2024-II-9,postThink,,,,,,2
21,postThink,,,,,,2
22,postThink,,,,,,2
23,postThink,,,,,,2
24,postThink,,,,,,2
25,postThink,,,,,,2
26,postThink,,,,,,2
27,postThink,,,,,,2
28,postThink,,,,,,2
29,postThink,,,,,,2
3,postThink,,,,,,2
4,postThink,,,,,,2
5,postThink,,,,,,2
6,postThink,,,,,,2
7,postThink,,,,,,2
8,postThink,,,,,,2
9,postThink,,,,,,2
0,answer_only,,,,,,2
1,answer_only,,,,,,2
10,answer_only,,,,,,2
11,answer_only,,,,,,2
12,answer_only,,,,,,2
13,answer_only,,,,,,2
14,answer_only,,,,,,2
15,answer_only,,,,,,2
16,answer_only,,,,,,2
17,answer_only,,,,,,2
18,answer_only,,,,,,2
19,answer_only,,,,,,2
2,answer_only,,,,,,2
20,answer_only,,,,,,2
2024-I-1,answer_only,,,,,,2
2024-I-10,answer_only,,,,,,2
2024-I-11,answer_only,,,,,,2
2024-I-12,answer_only,,,,,,2
2024-I-13,answer_only,,,,,,2
2024-I-14,answer_only,,,,,,2
2024-I-15,answer_only,,,,,,2
2024-I-2,answer_only,,,,,,2
2024-I-3,answer_only,,,,,,2
2024-I-4,answer_only,,,,,,2
2024-I-5,answer_only,,,,,,2
2024-I-6,answer_only,,,,,,2
2024-I-7,answer_only,,,,,,2
2024-I-8,answer_only,,,,,,2
2024-I-9,answer_only,,,,,,2
2024-II-1,answer_only,,,,,,2
2024-II-10,answer_only,,,,,,2
2024-II-11,answer_only,,,,,,2
2024-II-12,answer_only,,,,,,2
2024-II-13,answer_only,,,,,,2
2024-II-14,answer_only,,,,,,2
2024-II-15,answer_only,,,,,,2
2024-II-2,answer_only,,,,,,2
2024-II-3,answer_only,,,,,,2
2024-II-4,answer_only,,,,,,2
2024-II-5,answer_only,,,,,,2
2024-II-6,answer_only,,,,,,2
2024-II-7,answer_only,,,,,,2
2024-II-8,answer_only,,,,,,2
2024-II-9,answer_only,,,,,,2
21,answer_only,,,,,,2
22,answer_only,,,,,,2
23,answer_only,,,,,,2
24,answer_only,,,,,,2
25,answer_only,,,,,,2
26,answer_only,,,,,,2
27,answer_only,,,,,,2
28,answer_only,,,,,,2
29,answer_only,,,,,,2
3,answer_only,,,,,,2
4,answer_only,,,,,,2
5,answer_only,,,,,,2
6,answer_only,,,,,,2
7,answer_only,,,,,,2
8,answer_only,,,,,,2
9,answer_only,,,,,,2
0,backtracking,0.0816712156204073,0.15315001740341108,0.11257102272727272,0.08869613878007834,,3
1,backtracking,0.18832781456953643,0.14834794335805798,0.14564755838641189,0.15628245067497404,,3
10,backtracking,0.02350233628565451,0.015665796344647518,0.020135467980295568,0.02321190581963572,,3
11,backtracking,0.059092094964779546,0.04423720707795313,0.025148629452307045,0.05961405926946933,,3
12,backtracking,0.0175,0.03987792472024415,0.05405131325423385,0.029921736498465,,3
13,backtracking,0.03328692570560689,0.04105456453305351,0.08621659634317862,0.06224188790560472,,3
14,backtracking,0.014174954969065706,0.02627984483418019,0.026191628357125574,0.03837425211471013,,3
15,backtracking,0.1110233109442908,0.08999695956217696,0.1383898868928809,0.16103996895615055,,3
16,backtracking,0.1189346953666545,0.17682926829268292,0.1528162511542013,0.1533203125,,3
17,backtracking,0.03470394736842105,0.03512028512028512,0.02486363958348091,0.037415356364053715,,3
18,backtracking,0.1,0.16366612111292964,0.12746498999714204,0.17841027421034364,,3
19,backtracking,0.035342894039284985,0.025324038775732492,0.038142470694319204,0.031103102475712942,,3
2,backtracking,0.015013404825737266,0.04470314318975553,0.01556230343780501,0.05356815263254449,,3
20,backtracking,0.07349698662354844,0.049224612306153076,0.031358092117240124,0.1783965728274174,,3
2024-I-1,backtracking,0.08675675675675676,0.18800420904945633,0.23514674302075877,0.14939550949913644,,3
2024-I-10,backtracking,0.02585071350164654,0.015107212475633527,0.022819346837536173,0.019516255838690284,,3
2024-I-11,backtracking,0.02019335019877123,0.017600061754602648,0.027918610153450957,0.023445083252445306,,3
2024-I-12,backtracking,0.029929810621109786,0.037828054298642534,0.04383158986772716,0.022565843233389907,,3
2024-I-13,backtracking,0.055381517117923475,0.09739605812113365,0.16465216223475693,0.12768055213211732,,3
2024-I-14,backtracking,0.0884938074310827,0.11468682505399568,0.11062097047845267,0.15238611713665945,,3
2024-I-15,backtracking,0.03689806128830519,0.06067069558004503,0.11593317033414834,0.14474097331240188,,3
2024-I-2,backtracking,0.05316538524456077,0.06639531925718646,0.03298731257208766,0.09341637010676157,,3
2024-I-3,backtracking,0.14485538169748696,0.18694955964771817,0.10865931126713474,0.32367587143503845,,3
2024-I-4,backtracking,0.17504332755632582,0.19852104664391354,0.203125,0.35607537361923325,,3
2024-I-5,backtracking,0.040051171029324935,0.050502257856418764,0.034255599472990776,0.02129108126508634,,3
2024-I-6,backtracking,0.06535319557904853,0.09771402958314657,0.1364052487030821,0.1169833729216152,,3
2024-I-7,backtracking,0.10199897488467452,0.14858415526566973,0.15556474968969797,0.20136396267049533,,3
2024-I-8,backtracking,0.01603082485015698,0.019123371128786596,0.037595785440613025,0.1763145200192957,,3
2024-I-9,backtracking,0.049403747870528106,0.08589824120603015,0.03806421591437878,0.06988108812510181,,3
2024-II-1,backtracking,0.06270292207792208,0.028287887219439808,0.0780358598207009,0.11805998723675813,,3
2024-II-10,backtracking,0.09886363636363636,0.11427472104655637,0.09421063875240333,0.06734006734006734,,3
2024-II-11,backtracking,0.038229209764170456,0.0165,0.0730681619064307,0.08046574487992515,,3
2024-II-12,backtracking,0.11117886178861788,0.10577758470894874,0.2117746717492588,0.3182496270512183,,3
2024-II-13,backtracking,0.0800149560665545,0.10842332613390929,0.1165750650853341,0.0657514450867052,,3
2024-II-14,backtracking,0.014406217420149749,0.10648322653599698,0.06875184420182945,0.0658004529741328,,3
2024-II-15,backtracking,0.013854097438781248,0.03194267729190384,0.03882983396292717,0.030590092757055456,,3
2024-II-2,backtracking,0.01340625,0.029025261546312835,0.02718734552644587,0.08573412009718848,,3
2024-II-3,backtracking,0.04933535551788741,0.031151003167898626,0.0800408719346049,0.018453470538762184,,3
2024-II-4,backtracking,0.07694198623402163,0.10042796005706134,0.1468682505399568,0.11410729491910304,,3
2024-II-5,backtracking,0.020114942528735632,0.09323747472478094,0.05086217590869619,0.06372652458324542,,3
2024-II-6,backtracking,0.07039337474120083,0.15412445730824892,0.1377266387726639,0.11794386628823715,,3
2024-II-7,backtracking,0.03302584325047532,0.05595819989887072,0.053072208102855435,0.05195137555982086,,3
2024-II-8,backtracking,0.01646875,0.01670981407389974,0.020246599026343327,0.03718870132040782,,3
2024-II-9,backtracking,0.023332098830749697,0.02443842420137713,0.02438876418127768,0.028855464463236717,,3
21,backtracking,0.07467583190126542,0.12491838955386289,0.05991709584223088,0.09743384121892543,,3
22,backtracking,0.06278633902540608,0.053519668737060044,0.05458626670747883,0.029026098026734563,,3
23,backtracking,0.04736470825355235,0.17737350767481525,0.20780939774983453,0.1731319968758136,,3
24,backtracking,0.07839506172839507,0.061356297093649086,0.14092240117130309,0.13442389758179232,,3
25,backtracking,0.028227637354321173,0.04630425440481306,0.04551298534327591,0.09311424100156494,,3
26,backtracking,0.05680632175339198,0.05574077932902688,0.06311580751106668,0.0775332143565338,,3
27,backtracking,0.02167225950782998,0.025900783289817233,0.02763302249040044,0.035868094007628894,,3
28,backtracking,0.05417044424297371,0.03591824466486324,0.023681031010873942,0.01995798319327731,,3
29,backtracking,0.019,0.019417475728155338,0.02909788227447057,0.02213023403916574,,3
3,backtracking,0.07646408839779005,0.15424430641821946,0.11882100092109303,0.10682326621923938,,3
4,backtracking,0.030404775228502146,0.0559650824442289,0.03496503496503497,0.028929979454717085,,3
5,backtracking,0.11530398322851153,0.043180358289915066,0.04116274135370253,0.047619047619047616,,3
6,backtracking,0.018625,0.03814031180400891,0.05205402363534046,0.03068790333653714,,3
7,backtracking,0.039809645831426745,0.08161829375549692,0.06369845022327292,0.040482342807924204,,3
8,backtracking,0.051739321884632324,0.07588166471669731,0.1761045426260112,0.15405117270788912,,3
9,backtracking,0.03177116318344944,0.02123013465971127,0.036711189314564505,0.02805079273979482,,3
0,base_sum,,0.11870405662945821,0.0935754189944134,0.06436041834271923,,3
1,base_sum,,0.10857461024498886,0.08896797153024912,0.0845125786163522,,3
10,base_sum,,0.04984507611477839,0.04306049822064057,0.02782888684452622,,3
11,base_sum,,0.02736152399441849,0.08347578347578348,0.07304024191672481,,3
12,base_sum,,0.025527964724994197,0.018695377961978555,0.01584246372519988,,3
13,base_sum,,0.04550393914697093,0.04342522566479629,0.02813833957661817,,3
14,base_sum,,0.02315812745260598,0.026743398781313474,0.009635036496350365,,3
15,base_sum,,0.08394403730846102,0.08206923376118241,0.06042654028436019,,3
16,base_sum,,0.10096711798839458,0.16361838853188335,0.10500729217306758,,3
17,base_sum,,0.050695012264922325,0.03669820147624493,0.043524291259851786,,3
18,base_sum,,0.25476660092044706,0.236716621253406,0.05506883604505632,,3
19,base_sum,,0.03433297134742294,0.029756294600780935,0.030279595478881618,,3
2,base_sum,,0.04932215483410631,0.03445661331086773,0.00904110638623913,,3
20,base_sum,,0.027505165289256197,0.03453663793103448,0.02721536138748016,,3
2024-I-1,base_sum,,0.16729607250755288,0.19206598586017282,0.2369988090512108,,3
2024-I-10,base_sum,,0.011884753901560624,0.03003669255055892,0.035873813512004464,,3
2024-I-11,base_sum,,0.028683181225554105,0.02348971513853741,0.02376153601357802,,3
2024-I-12,base_sum,,0.031126698816308637,0.020910875008459093,0.0379638845442912,,3
2024-I-13,base_sum,,0.017577418187457994,0.04525129672688249,0.024931827035449942,,3
2024-I-14,base_sum,,0.075,0.020837119147131867,0.09084249084249084,,3
2024-I-15,base_sum,,0.06241388812344999,0.06318082788671024,0.100625,,3
2024-I-2,base_sum,,0.03661358377569076,0.059388861508132086,0.12887511071744906,,3
2024-I-3,base_sum,,0.1588893173929811,0.15499040307101727,0.17751937984496124,,3
2024-I-4,base_sum,,0.23091512565196776,0.3027469316189363,0.266025641025641,,3
2024-I-5,base_sum,,0.02320185614849188,0.029626623376623376,0.024627791563275433,,3
2024-I-6,base_sum,,0.08461235733963007,0.15557667934093788,0.20090293453724606,,3
2024-I-7,base_sum,,0.10086355785837652,0.09641985353946297,0.0990789146128952,,3
2024-I-8,base_sum,,0.13082259663032705,0.03650879081449587,0.026161697555734623,,3
2024-I-9,base_sum,,0.10728092783505154,0.047021511307225594,0.04237074401008827,,3
2024-II-1,base_sum,,0.07891872278664731,0.044436238306253074,0.02527787737540337,,3
2024-II-10,base_sum,,0.11141970266296357,0.049044681811343464,0.12597158938622352,,3
2024-II-11,base_sum,,0.05290690762097253,0.07523398128149748,0.1352589641434263,,3
2024-II-12,base_sum,,0.13179427235534774,0.3237057220708447,0.1705790297339593,,3
2024-II-13,base_sum,,0.07497116493656286,0.11088760372139804,0.15419065898912349,,3
2024-II-14,base_sum,,0.02011600641737628,0.04933203970445556,0.07693437087065041,,3
2024-II-15,base_sum,,0.0346816976127321,0.025705891953647787,0.02291396454820579,,3
2024-II-2,base_sum,,0.05186753364584908,0.0891343436938094,0.09602076124567474,,3
2024-II-3,base_sum,,0.17611241217798596,0.07247081712062257,0.11611138736946792,,3
2024-II-4,base_sum,,0.1572730340870739,0.1875753920386007,0.0738362760834671,,3
2024-II-5,base_sum,,0.056881587104773715,0.05712591421229492,0.019756838905775075,,3
2024-II-6,base_sum,,0.03767477990678405,0.08276385725132877,0.08343763037129745,,3
2024-II-7,base_sum,,0.14440513047324194,0.2224188790560472,0.05152471083070452,,3
2024-II-8,base_sum,,0.03085207014480099,0.028445006321112517,0.022212169192490385,,3
2024-II-9,base_sum,,0.023598387687797727,0.02799057159693577,0.0449843408939926,,3
21,base_sum,,0.09115401885945218,0.0616603846525563,0.11019446081319977,,3
22,base_sum,,0.04792183622828784,0.07634101227509668,0.025030360275266495,,3
23,base_sum,,0.16523605150214593,0.13432017543859648,0.16182965299684543,,3
24,base_sum,,0.06271186440677966,0.1021856372409878,0.01064593806767775,,3
25,base_sum,,0.12381494122108457,0.06135913789311634,0.13560709413369715,,3
26,base_sum,,0.07491601343784994,0.14849961528597075,0.1391765597373074,,3
27,base_sum,,0.034041017621940214,0.02503170055886911,0.02568300419523176,,3
28,base_sum,,0.11732324101152589,0.1483375959079284,0.05280819498410456,,3
29,base_sum,,0.014096488030137319,0.018698578908002993,0.024384506821389366,,3
3,base_sum,,0.1956373551465576,0.125764192139738,0.19042397660818713,,3
4,base_sum,,0.019982799615520817,0.03597836883346209,0.062464701231221054,,3
5,base_sum,,0.02478709099058718,0.03907051751942531,0.03480327066880984,,3
6,base_sum,,0.12944411706933806,0.20526154787396758,0.16614810205351588,,3
7,base_sum,,0.0754493048491014,0.06934368145773578,0.18258287976249382,,3
8,base_sum,,0.16744269340974213,0.13788244766505636,0.10267471958584987,,3
9,base_sum,,0.02585747289852497,0.03206048425686669,0.04243503772003353,,3
0,firstk,,,,,,3
1,firstk,,,,,,3
10,firstk,,,,,,3
11,firstk,,,,,,3
12,firstk,,,,,,3
13,firstk,,,,,,3
14,firstk,,,,,,3
15,firstk,,,,,,3
16,firstk,,,,,,3
17,firstk,,,,,,3
18,firstk,,,,,,3
19,firstk,,,,,,3
2,firstk,,,,,,3
20,firstk,,,,,,3
2024-I-1,firstk,,,,,,3
2024-I-10,firstk,,,,,,3
2024-I-11,firstk,,,,,,3
2024-I-12,firstk,,,,,,3
2024-I-13,firstk,,,,,,3
2024-I-14,firstk,,,,,,3
2024-I-15,firstk,,,,,,3
2024-I-2,firstk,,,,,,3
2024-I-3,firstk,,,,,,3
2024-I-4,firstk,,,,,,3
2024-I-5,firstk,,,,,,3
2024-I-6,firstk,,,,,,3
2024-I-7,firstk,,,,,,3
2024-I-8,firstk,,,,,,3
2024-I-9,firstk,,,,,,3
2024-II-1,firstk,,,,,,3
2024-II-10,firstk,,,,,,3
2024-II-11,firstk,,,,,,3
2024-II-12,firstk,,,,,,3
2024-II-13,firstk,,,,,,3
2024-II-14,firstk,,,,,,3
2024-II-15,firstk,,,,,,3
2024-II-2,firstk,,,,,,3
2024-II-3,firstk,,,,,,3
2024-II-4,firstk,,,,,,3
2024-II-5,firstk,,,,,,3
2024-II-6,firstk,,,,,,3
2024-II-7,firstk,,,,,,3
2024-II-8,firstk,,,,,,3
2024-II-9,firstk,,,,,,3
21,firstk,,,,,,3
22,firstk,,,,,,3
23,firstk,,,,,,3
24,firstk,,,,,,3
25,firstk,,,,,,3
26,firstk,,,,,,3
27,firstk,,,,,,3
28,firstk,,,,,,3
29,firstk,,,,,,3
3,firstk,,,,,,3
4,firstk,,,,,,3
5,firstk,,,,,,3
6,firstk,,,,,,3
7,firstk,,,,,,3
8,firstk,,,,,,3
9,firstk,,,,,,3
0,lastk,,,,,,3
1,lastk,,,,,,3
10,lastk,,,,,,3
11,lastk,,,,,,3
12,lastk,,,,,,3
13,lastk,,,,,,3
14,lastk,,,,,,3
15,lastk,,,,,,3
16,lastk,,,,,,3
17,lastk,,,,,,3
18,lastk,,,,,,3
19,lastk,,,,,,3
2,lastk,,,,,,3
20,lastk,,,,,,3
2024-I-1,lastk,,,,,,3
2024-I-10,lastk,,,,,,3
2024-I-11,lastk,,,,,,3
2024-I-12,lastk,,,,,,3
2024-I-13,lastk,,,,,,3
2024-I-14,lastk,,,,,,3
2024-I-15,lastk,,,,,,3
2024-I-2,lastk,,,,,,3
2024-I-3,lastk,,,,,,3
2024-I-4,lastk,,,,,,3
2024-I-5,lastk,,,,,,3
2024-I-6,lastk,,,,,,3
2024-I-7,lastk,,,,,,3
2024-I-8,lastk,,,,,,3
2024-I-9,lastk,,,,,,3
2024-II-1,lastk,,,,,,3
2024-II-10,lastk,,,,,,3
2024-II-11,lastk,,,,,,3
2024-II-12,lastk,,,,,,3
2024-II-13,lastk,,,,,,3
2024-II-14,lastk,,,,,,3
2024-II-15,lastk,,,,,,3
2024-II-2,lastk,,,,,,3
2024-II-3,lastk,,,,,,3
2024-II-4,lastk,,,,,,3
2024-II-5,lastk,,,,,,3
2024-II-6,lastk,,,,,,3
2024-II-7,lastk,,,,,,3
2024-II-8,lastk,,,,,,3
2024-II-9,lastk,,,,,,3
21,lastk,,,,,,3
22,lastk,,,,,,3
23,lastk,,,,,,3
24,lastk,,,,,,3
25,lastk,,,,,,3
26,lastk,,,,,,3
27,lastk,,,,,,3
28,lastk,,,,,,3
29,lastk,,,,,,3
3,lastk,,,,,,3
4,lastk,,,,,,3
5,lastk,,,,,,3
6,lastk,,,,,,3
7,lastk,,,,,,3
8,lastk,,,,,,3
9,lastk,,,,,,3
0,postThink,,,,,,3
1,postThink,,,,,,3
10,postThink,,,,,,3
11,postThink,,,,,,3
12,postThink,,,,,,3
13,postThink,,,,,,3
14,postThink,,,,,,3
15,postThink,,,,,,3
16,postThink,,,,,,3
17,postThink,,,,,,3
18,postThink,,,,,,3
19,postThink,,,,,,3
2,postThink,,,,,,3
20,postThink,,,,,,3
2024-I-1,postThink,,,,,,3
2024-I-10,postThink,,,,,,3
2024-I-11,postThink,,,,,,3
2024-I-12,postThink,,,,,,3
2024-I-13,postThink,,,,,,3
2024-I-14,postThink,,,,,,3
2024-I-15,postThink,,,,,,3
2024-I-2,postThink,,,,,,3
2024-I-3,postThink,,,,,,3
2024-I-4,postThink,,,,,,3
2024-I-5,postThink,,,,,,3
2024-I-6,postThink,,,,,,3
2024-I-7,postThink,,,,,,3
2024-I-8,postThink,,,,,,3
2024-I-9,postThink,,,,,,3
2024-II-1,postThink,,,,,,3
2024-II-10,postThink,,,,,,3
2024-II-11,postThink,,,,,,3
2024-II-12,postThink,,,,,,3
2024-II-13,postThink,,,,,,3
2024-II-14,postThink,,,,,,3
2024-II-15,postThink,,,,,,3
2024-II-2,postThink,,,,,,3
2024-II-3,postThink,,,,,,3
2024-II-4,postThink,,,,,,3
2024-II-5,postThink,,,,,,3
2024-II-6,postThink,,,,,,3
2024-II-7,postThink,,,,,,3
2024-II-8,postThink,,,,,,3
2024-II-9,postThink,,,,,,3
21,postThink,,,,,,3
22,postThink,,,,,,3
23,postThink,,,,,,3
24,postThink,,,,,,3
25,postThink,,,,,,3
26,postThink,,,,,,3
27,postThink,,,,,,3
28,postThink,,,,,,3
29,postThink,,,,,,3
3,postThink,,,,,,3
4,postThink,,,,,,3
5,postThink,,,,,,3
6,postThink,,,,,,3
7,postThink,,,,,,3
8,postThink,,,,,,3
9,postThink,,,,,,3
0,answer_only,,,,,,3
1,answer_only,,,,,,3
10,answer_only,,,,,,3
11,answer_only,,,,,,3
12,answer_only,,,,,,3
13,answer_only,,,,,,3
14,answer_only,,,,,,3
15,answer_only,,,,,,3
16,answer_only,,,,,,3
17,answer_only,,,,,,3
18,answer_only,,,,,,3
19,answer_only,,,,,,3
2,answer_only,,,,,,3
20,answer_only,,,,,,3
2024-I-1,answer_only,,,,,,3
2024-I-10,answer_only,,,,,,3
2024-I-11,answer_only,,,,,,3
2024-I-12,answer_only,,,,,,3
2024-I-13,answer_only,,,,,,3
2024-I-14,answer_only,,,,,,3
2024-I-15,answer_only,,,,,,3
2024-I-2,answer_only,,,,,,3
2024-I-3,answer_only,,,,,,3
2024-I-4,answer_only,,,,,,3
2024-I-5,answer_only,,,,,,3
2024-I-6,answer_only,,,,,,3
2024-I-7,answer_only,,,,,,3
2024-I-8,answer_only,,,,,,3
2024-I-9,answer_only,,,,,,3
2024-II-1,answer_only,,,,,,3
2024-II-10,answer_only,,,,,,3
2024-II-11,answer_only,,,,,,3
2024-II-12,answer_only,,,,,,3
2024-II-13,answer_only,,,,,,3
2024-II-14,answer_only,,,,,,3
2024-II-15,answer_only,,,,,,3
2024-II-2,answer_only,,,,,,3
2024-II-3,answer_only,,,,,,3
2024-II-4,answer_only,,,,,,3
2024-II-5,answer_only,,,,,,3
2024-II-6,answer_only,,,,,,3
2024-II-7,answer_only,,,,,,3
2024-II-8,answer_only,,,,,,3
2024-II-9,answer_only,,,,,,3
21,answer_only,,,,,,3
22,answer_only,,,,,,3
23,answer_only,,,,,,3
24,answer_only,,,,,,3
25,answer_only,,,,,,3
26,answer_only,,,,,,3
27,answer_only,,,,,,3
28,answer_only,,,,,,3
29,answer_only,,,,,,3
3,answer_only,,,,,,3
4,answer_only,,,,,,3
5,answer_only,,,,,,3
6,answer_only,,,,,,3
7,answer_only,,,,,,3
8,answer_only,,,,,,3
9,answer_only,,,,,,3
